path,label
ravdess/Audio_Song_Actors_01-24/Actor_19/03-02-05-01-01-01-19.wav,4
ravdess/Audio_Song_Actors_01-24/Actor_19/03-02-04-01-01-02-19.wav,3
ravdess/Audio_Song_Actors_01-24/Actor_19/03-02-01-01-01-02-19.wav,0
ravdess/Audio_Song_Actors_01-24/Actor_19/03-02-02-01-01-02-19.wav,1
ravdess/Audio_Song_Actors_01-24/Actor_19/03-02-04-01-01-01-19.wav,3
ravdess/Audio_Song_Actors_01-24/Actor_19/03-02-05-01-01-02-19.wav,4
ravdess/Audio_Song_Actors_01-24/Actor_19/03-02-06-01-01-02-19.wav,5
ravdess/Audio_Song_Actors_01-24/Actor_19/03-02-01-01-01-01-19.wav,0
ravdess/Audio_Song_Actors_01-24/Actor_19/03-02-02-01-02-01-19.wav,1
ravdess/Audio_Song_Actors_01-24/Actor_19/03-02-03-01-01-01-19.wav,2
ravdess/Audio_Song_Actors_01-24/Actor_19/03-02-04-02-02-01-19.wav,3
ravdess/Audio_Song_Actors_01-24/Actor_19/03-02-04-01-02-02-19.wav,3
ravdess/Audio_Song_Actors_01-24/Actor_19/03-02-01-01-02-02-19.wav,0
ravdess/Audio_Song_Actors_01-24/Actor_19/03-02-06-02-01-01-19.wav,5
ravdess/Audio_Song_Actors_01-24/Actor_19/03-02-05-02-01-02-19.wav,4
ravdess/Audio_Song_Actors_01-24/Actor_19/03-02-02-01-01-01-19.wav,1
ravdess/Audio_Song_Actors_01-24/Actor_19/03-02-03-02-02-01-19.wav,2
ravdess/Audio_Song_Actors_01-24/Actor_19/03-02-06-01-02-01-19.wav,5
ravdess/Audio_Song_Actors_01-24/Actor_19/03-02-05-02-02-01-19.wav,4
ravdess/Audio_Song_Actors_01-24/Actor_19/03-02-02-02-01-02-19.wav,1
ravdess/Audio_Song_Actors_01-24/Actor_19/03-02-05-02-01-01-19.wav,4
ravdess/Audio_Song_Actors_01-24/Actor_19/03-02-01-01-02-01-19.wav,0
ravdess/Audio_Song_Actors_01-24/Actor_19/03-02-04-02-02-02-19.wav,3
ravdess/Audio_Song_Actors_01-24/Actor_19/03-02-06-01-02-02-19.wav,5
ravdess/Audio_Song_Actors_01-24/Actor_19/03-02-02-01-02-02-19.wav,1
ravdess/Audio_Song_Actors_01-24/Actor_19/03-02-05-01-02-01-19.wav,4
ravdess/Audio_Song_Actors_01-24/Actor_19/03-02-03-01-02-02-19.wav,2
ravdess/Audio_Song_Actors_01-24/Actor_19/03-02-04-01-02-01-19.wav,3
ravdess/Audio_Song_Actors_01-24/Actor_19/03-02-02-02-02-01-19.wav,1
ravdess/Audio_Song_Actors_01-24/Actor_19/03-02-06-02-02-01-19.wav,5
ravdess/Audio_Song_Actors_01-24/Actor_19/03-02-03-02-01-01-19.wav,2
ravdess/Audio_Song_Actors_01-24/Actor_19/03-02-03-01-01-02-19.wav,2
ravdess/Audio_Song_Actors_01-24/Actor_19/03-02-05-01-02-02-19.wav,4
ravdess/Audio_Song_Actors_01-24/Actor_19/03-02-05-02-02-02-19.wav,4
ravdess/Audio_Song_Actors_01-24/Actor_19/03-02-03-01-02-01-19.wav,2
ravdess/Audio_Song_Actors_01-24/Actor_19/03-02-06-01-01-01-19.wav,5
ravdess/Audio_Song_Actors_01-24/Actor_19/03-02-06-02-02-02-19.wav,5
ravdess/Audio_Song_Actors_01-24/Actor_19/03-02-03-02-01-02-19.wav,2
ravdess/Audio_Song_Actors_01-24/Actor_19/03-02-02-02-02-02-19.wav,1
ravdess/Audio_Song_Actors_01-24/Actor_19/03-02-03-02-02-02-19.wav,2
ravdess/Audio_Song_Actors_01-24/Actor_19/03-02-04-02-01-01-19.wav,3
ravdess/Audio_Song_Actors_01-24/Actor_19/03-02-02-02-01-01-19.wav,1
ravdess/Audio_Song_Actors_01-24/Actor_19/03-02-06-02-01-02-19.wav,5
ravdess/Audio_Song_Actors_01-24/Actor_19/03-02-04-02-01-02-19.wav,3
ravdess/Audio_Song_Actors_01-24/Actor_09/03-02-06-02-01-02-09.wav,5
ravdess/Audio_Song_Actors_01-24/Actor_09/03-02-01-01-01-01-09.wav,0
ravdess/Audio_Song_Actors_01-24/Actor_09/03-02-05-02-01-01-09.wav,4
ravdess/Audio_Song_Actors_01-24/Actor_09/03-02-02-02-01-02-09.wav,1
ravdess/Audio_Song_Actors_01-24/Actor_09/03-02-05-01-01-01-09.wav,4
ravdess/Audio_Song_Actors_01-24/Actor_09/03-02-02-01-02-02-09.wav,1
ravdess/Audio_Song_Actors_01-24/Actor_09/03-02-03-01-02-01-09.wav,2
ravdess/Audio_Song_Actors_01-24/Actor_09/03-02-03-02-01-01-09.wav,2
ravdess/Audio_Song_Actors_01-24/Actor_09/03-02-03-01-01-01-09.wav,2
ravdess/Audio_Song_Actors_01-24/Actor_09/03-02-05-02-02-01-09.wav,4
ravdess/Audio_Song_Actors_01-24/Actor_09/03-02-06-02-01-01-09.wav,5
ravdess/Audio_Song_Actors_01-24/Actor_09/03-02-05-01-02-01-09.wav,4
ravdess/Audio_Song_Actors_01-24/Actor_09/03-02-02-02-02-02-09.wav,1
ravdess/Audio_Song_Actors_01-24/Actor_09/03-02-02-01-01-02-09.wav,1
ravdess/Audio_Song_Actors_01-24/Actor_09/03-02-06-02-02-01-09.wav,5
ravdess/Audio_Song_Actors_01-24/Actor_09/03-02-06-02-02-02-09.wav,5
ravdess/Audio_Song_Actors_01-24/Actor_09/03-02-03-01-02-02-09.wav,2
ravdess/Audio_Song_Actors_01-24/Actor_09/03-02-06-01-01-01-09.wav,5
ravdess/Audio_Song_Actors_01-24/Actor_09/03-02-03-01-01-02-09.wav,2
ravdess/Audio_Song_Actors_01-24/Actor_09/03-02-04-02-02-02-09.wav,3
ravdess/Audio_Song_Actors_01-24/Actor_09/03-02-06-01-01-02-09.wav,5
ravdess/Audio_Song_Actors_01-24/Actor_09/03-02-01-01-02-01-09.wav,0
ravdess/Audio_Song_Actors_01-24/Actor_09/03-02-02-02-01-01-09.wav,1
ravdess/Audio_Song_Actors_01-24/Actor_09/03-02-04-02-02-01-09.wav,3
ravdess/Audio_Song_Actors_01-24/Actor_09/03-02-03-02-02-01-09.wav,2
ravdess/Audio_Song_Actors_01-24/Actor_09/03-02-04-01-01-02-09.wav,3
ravdess/Audio_Song_Actors_01-24/Actor_09/03-02-04-01-02-01-09.wav,3
ravdess/Audio_Song_Actors_01-24/Actor_09/03-02-05-02-01-02-09.wav,4
ravdess/Audio_Song_Actors_01-24/Actor_09/03-02-05-01-02-02-09.wav,4
ravdess/Audio_Song_Actors_01-24/Actor_09/03-02-02-01-01-01-09.wav,1
ravdess/Audio_Song_Actors_01-24/Actor_09/03-02-02-01-02-01-09.wav,1
ravdess/Audio_Song_Actors_01-24/Actor_09/03-02-05-01-01-02-09.wav,4
ravdess/Audio_Song_Actors_01-24/Actor_09/03-02-03-02-02-02-09.wav,2
ravdess/Audio_Song_Actors_01-24/Actor_09/03-02-01-01-01-02-09.wav,0
ravdess/Audio_Song_Actors_01-24/Actor_09/03-02-06-01-02-02-09.wav,5
ravdess/Audio_Song_Actors_01-24/Actor_09/03-02-04-01-02-02-09.wav,3
ravdess/Audio_Song_Actors_01-24/Actor_09/03-02-04-02-01-02-09.wav,3
ravdess/Audio_Song_Actors_01-24/Actor_09/03-02-05-02-02-02-09.wav,4
ravdess/Audio_Song_Actors_01-24/Actor_09/03-02-04-01-01-01-09.wav,3
ravdess/Audio_Song_Actors_01-24/Actor_09/03-02-01-01-02-02-09.wav,0
ravdess/Audio_Song_Actors_01-24/Actor_09/03-02-04-02-01-01-09.wav,3
ravdess/Audio_Song_Actors_01-24/Actor_09/03-02-02-02-02-01-09.wav,1
ravdess/Audio_Song_Actors_01-24/Actor_09/03-02-06-01-02-01-09.wav,5
ravdess/Audio_Song_Actors_01-24/Actor_09/03-02-03-02-01-02-09.wav,2
ravdess/Audio_Song_Actors_01-24/Actor_14/03-02-05-02-02-02-14.wav,4
ravdess/Audio_Song_Actors_01-24/Actor_14/03-02-04-01-02-02-14.wav,3
ravdess/Audio_Song_Actors_01-24/Actor_14/03-02-05-02-01-01-14.wav,4
ravdess/Audio_Song_Actors_01-24/Actor_14/03-02-06-01-02-01-14.wav,5
ravdess/Audio_Song_Actors_01-24/Actor_14/03-02-01-01-01-01-14.wav,0
ravdess/Audio_Song_Actors_01-24/Actor_14/03-02-02-01-01-01-14.wav,1
ravdess/Audio_Song_Actors_01-24/Actor_14/03-02-06-02-01-02-14.wav,5
ravdess/Audio_Song_Actors_01-24/Actor_14/03-02-06-01-01-01-14.wav,5
ravdess/Audio_Song_Actors_01-24/Actor_14/03-02-03-01-02-02-14.wav,2
ravdess/Audio_Song_Actors_01-24/Actor_14/03-02-03-01-01-01-14.wav,2
ravdess/Audio_Song_Actors_01-24/Actor_14/03-02-02-02-02-02-14.wav,1
ravdess/Audio_Song_Actors_01-24/Actor_14/03-02-06-02-02-01-14.wav,5
ravdess/Audio_Song_Actors_01-24/Actor_14/03-02-02-01-01-02-14.wav,1
ravdess/Audio_Song_Actors_01-24/Actor_14/03-02-05-01-01-01-14.wav,4
ravdess/Audio_Song_Actors_01-24/Actor_14/03-02-02-01-02-01-14.wav,1
ravdess/Audio_Song_Actors_01-24/Actor_14/03-02-06-02-01-01-14.wav,5
ravdess/Audio_Song_Actors_01-24/Actor_14/03-02-02-02-01-01-14.wav,1
ravdess/Audio_Song_Actors_01-24/Actor_14/03-02-05-01-02-01-14.wav,4
ravdess/Audio_Song_Actors_01-24/Actor_14/03-02-06-02-02-02-14.wav,5
ravdess/Audio_Song_Actors_01-24/Actor_14/03-02-03-02-02-02-14.wav,2
ravdess/Audio_Song_Actors_01-24/Actor_14/03-02-04-02-02-02-14.wav,3
ravdess/Audio_Song_Actors_01-24/Actor_14/03-02-04-01-02-01-14.wav,3
ravdess/Audio_Song_Actors_01-24/Actor_14/03-02-05-02-01-02-14.wav,4
ravdess/Audio_Song_Actors_01-24/Actor_14/03-02-03-01-02-01-14.wav,2
ravdess/Audio_Song_Actors_01-24/Actor_14/03-02-04-01-01-01-14.wav,3
ravdess/Audio_Song_Actors_01-24/Actor_14/03-02-02-01-02-02-14.wav,1
ravdess/Audio_Song_Actors_01-24/Actor_14/03-02-03-02-01-01-14.wav,2
ravdess/Audio_Song_Actors_01-24/Actor_14/03-02-04-02-02-01-14.wav,3
ravdess/Audio_Song_Actors_01-24/Actor_14/03-02-06-01-01-02-14.wav,5
ravdess/Audio_Song_Actors_01-24/Actor_14/03-02-04-02-01-02-14.wav,3
ravdess/Audio_Song_Actors_01-24/Actor_14/03-02-04-01-01-02-14.wav,3
ravdess/Audio_Song_Actors_01-24/Actor_14/03-02-01-01-01-02-14.wav,0
ravdess/Audio_Song_Actors_01-24/Actor_14/03-02-02-02-02-01-14.wav,1
ravdess/Audio_Song_Actors_01-24/Actor_14/03-02-05-01-01-02-14.wav,4
ravdess/Audio_Song_Actors_01-24/Actor_14/03-02-06-01-02-02-14.wav,5
ravdess/Audio_Song_Actors_01-24/Actor_14/03-02-05-01-02-02-14.wav,4
ravdess/Audio_Song_Actors_01-24/Actor_14/03-02-01-01-02-02-14.wav,0
ravdess/Audio_Song_Actors_01-24/Actor_14/03-02-03-02-02-01-14.wav,2
ravdess/Audio_Song_Actors_01-24/Actor_14/03-02-03-02-01-02-14.wav,2
ravdess/Audio_Song_Actors_01-24/Actor_14/03-02-03-01-01-02-14.wav,2
ravdess/Audio_Song_Actors_01-24/Actor_14/03-02-02-02-01-02-14.wav,1
ravdess/Audio_Song_Actors_01-24/Actor_14/03-02-05-02-02-01-14.wav,4
ravdess/Audio_Song_Actors_01-24/Actor_14/03-02-04-02-01-01-14.wav,3
ravdess/Audio_Song_Actors_01-24/Actor_14/03-02-01-01-02-01-14.wav,0
ravdess/Audio_Song_Actors_01-24/Actor_23/03-02-03-01-02-02-23.wav,2
ravdess/Audio_Song_Actors_01-24/Actor_23/03-02-01-01-02-01-23.wav,0
ravdess/Audio_Song_Actors_01-24/Actor_23/03-02-04-02-02-02-23.wav,3
ravdess/Audio_Song_Actors_01-24/Actor_23/03-02-04-01-02-01-23.wav,3
ravdess/Audio_Song_Actors_01-24/Actor_23/03-02-05-01-02-02-23.wav,4
ravdess/Audio_Song_Actors_01-24/Actor_23/03-02-04-02-01-01-23.wav,3
ravdess/Audio_Song_Actors_01-24/Actor_23/03-02-01-01-01-01-23.wav,0
ravdess/Audio_Song_Actors_01-24/Actor_23/03-02-06-01-01-01-23.wav,5
ravdess/Audio_Song_Actors_01-24/Actor_23/03-02-06-01-01-02-23.wav,5
ravdess/Audio_Song_Actors_01-24/Actor_23/03-02-03-02-01-01-23.wav,2
ravdess/Audio_Song_Actors_01-24/Actor_23/03-02-02-02-02-01-23.wav,1
ravdess/Audio_Song_Actors_01-24/Actor_23/03-02-02-01-02-02-23.wav,1
ravdess/Audio_Song_Actors_01-24/Actor_23/03-02-05-01-02-01-23.wav,4
ravdess/Audio_Song_Actors_01-24/Actor_23/03-02-02-02-02-02-23.wav,1
ravdess/Audio_Song_Actors_01-24/Actor_23/03-02-03-02-02-01-23.wav,2
ravdess/Audio_Song_Actors_01-24/Actor_23/03-02-04-01-01-02-23.wav,3
ravdess/Audio_Song_Actors_01-24/Actor_23/03-02-01-01-01-02-23.wav,0
ravdess/Audio_Song_Actors_01-24/Actor_23/03-02-02-02-01-02-23.wav,1
ravdess/Audio_Song_Actors_01-24/Actor_23/03-02-05-01-01-01-23.wav,4
ravdess/Audio_Song_Actors_01-24/Actor_23/03-02-04-02-01-02-23.wav,3
ravdess/Audio_Song_Actors_01-24/Actor_23/03-02-04-01-02-02-23.wav,3
ravdess/Audio_Song_Actors_01-24/Actor_23/03-02-03-01-01-01-23.wav,2
ravdess/Audio_Song_Actors_01-24/Actor_23/03-02-05-02-01-01-23.wav,4
ravdess/Audio_Song_Actors_01-24/Actor_23/03-02-04-01-01-01-23.wav,3
ravdess/Audio_Song_Actors_01-24/Actor_23/03-02-06-02-02-01-23.wav,5
ravdess/Audio_Song_Actors_01-24/Actor_23/03-02-05-02-01-02-23.wav,4
ravdess/Audio_Song_Actors_01-24/Actor_23/03-02-03-01-01-02-23.wav,2
ravdess/Audio_Song_Actors_01-24/Actor_23/03-02-06-01-02-01-23.wav,5
ravdess/Audio_Song_Actors_01-24/Actor_23/03-02-06-02-01-01-23.wav,5
ravdess/Audio_Song_Actors_01-24/Actor_23/03-02-02-01-02-01-23.wav,1
ravdess/Audio_Song_Actors_01-24/Actor_23/03-02-03-02-02-02-23.wav,2
ravdess/Audio_Song_Actors_01-24/Actor_23/03-02-03-02-01-02-23.wav,2
ravdess/Audio_Song_Actors_01-24/Actor_23/03-02-05-01-01-02-23.wav,4
ravdess/Audio_Song_Actors_01-24/Actor_23/03-02-06-02-02-02-23.wav,5
ravdess/Audio_Song_Actors_01-24/Actor_23/03-02-06-02-01-02-23.wav,5
ravdess/Audio_Song_Actors_01-24/Actor_23/03-02-06-01-02-02-23.wav,5
ravdess/Audio_Song_Actors_01-24/Actor_23/03-02-02-02-01-01-23.wav,1
ravdess/Audio_Song_Actors_01-24/Actor_23/03-02-02-01-01-01-23.wav,1
ravdess/Audio_Song_Actors_01-24/Actor_23/03-02-03-01-02-01-23.wav,2
ravdess/Audio_Song_Actors_01-24/Actor_23/03-02-05-02-02-02-23.wav,4
ravdess/Audio_Song_Actors_01-24/Actor_23/03-02-05-02-02-01-23.wav,4
ravdess/Audio_Song_Actors_01-24/Actor_23/03-02-01-01-02-02-23.wav,0
ravdess/Audio_Song_Actors_01-24/Actor_23/03-02-02-01-01-02-23.wav,1
ravdess/Audio_Song_Actors_01-24/Actor_23/03-02-04-02-02-01-23.wav,3
ravdess/Audio_Song_Actors_01-24/Actor_21/03-02-04-01-02-01-21.wav,3
ravdess/Audio_Song_Actors_01-24/Actor_21/03-02-03-02-01-01-21.wav,2
ravdess/Audio_Song_Actors_01-24/Actor_21/03-02-01-01-02-02-21.wav,0
ravdess/Audio_Song_Actors_01-24/Actor_21/03-02-03-02-02-01-21.wav,2
ravdess/Audio_Song_Actors_01-24/Actor_21/03-02-02-01-01-01-21.wav,1
ravdess/Audio_Song_Actors_01-24/Actor_21/03-02-05-01-01-01-21.wav,4
ravdess/Audio_Song_Actors_01-24/Actor_21/03-02-03-01-02-02-21.wav,2
ravdess/Audio_Song_Actors_01-24/Actor_21/03-02-06-02-02-02-21.wav,5
ravdess/Audio_Song_Actors_01-24/Actor_21/03-02-05-02-01-01-21.wav,4
ravdess/Audio_Song_Actors_01-24/Actor_21/03-02-04-02-01-01-21.wav,3
ravdess/Audio_Song_Actors_01-24/Actor_21/03-02-05-01-01-02-21.wav,4
ravdess/Audio_Song_Actors_01-24/Actor_21/03-02-02-01-02-01-21.wav,1
ravdess/Audio_Song_Actors_01-24/Actor_21/03-02-06-02-01-02-21.wav,5
ravdess/Audio_Song_Actors_01-24/Actor_21/03-02-03-02-02-02-21.wav,2
ravdess/Audio_Song_Actors_01-24/Actor_21/03-02-01-01-01-01-21.wav,0
ravdess/Audio_Song_Actors_01-24/Actor_21/03-02-03-01-01-02-21.wav,2
ravdess/Audio_Song_Actors_01-24/Actor_21/03-02-06-02-02-01-21.wav,5
ravdess/Audio_Song_Actors_01-24/Actor_21/03-02-04-01-01-02-21.wav,3
ravdess/Audio_Song_Actors_01-24/Actor_21/03-02-04-02-01-02-21.wav,3
ravdess/Audio_Song_Actors_01-24/Actor_21/03-02-04-02-02-01-21.wav,3
ravdess/Audio_Song_Actors_01-24/Actor_21/03-02-03-01-02-01-21.wav,2
ravdess/Audio_Song_Actors_01-24/Actor_21/03-02-06-01-01-01-21.wav,5
ravdess/Audio_Song_Actors_01-24/Actor_21/03-02-05-02-02-02-21.wav,4
ravdess/Audio_Song_Actors_01-24/Actor_21/03-02-06-01-02-01-21.wav,5
ravdess/Audio_Song_Actors_01-24/Actor_21/03-02-04-02-02-02-21.wav,3
ravdess/Audio_Song_Actors_01-24/Actor_21/03-02-05-02-01-02-21.wav,4
ravdess/Audio_Song_Actors_01-24/Actor_21/03-02-04-01-01-01-21.wav,3
ravdess/Audio_Song_Actors_01-24/Actor_21/03-02-06-01-01-02-21.wav,5
ravdess/Audio_Song_Actors_01-24/Actor_21/03-02-03-02-01-02-21.wav,2
ravdess/Audio_Song_Actors_01-24/Actor_21/03-02-03-01-01-01-21.wav,2
ravdess/Audio_Song_Actors_01-24/Actor_21/03-02-06-02-01-01-21.wav,5
ravdess/Audio_Song_Actors_01-24/Actor_21/03-02-05-01-02-01-21.wav,4
ravdess/Audio_Song_Actors_01-24/Actor_21/03-02-02-02-02-02-21.wav,1
ravdess/Audio_Song_Actors_01-24/Actor_21/03-02-02-02-01-01-21.wav,1
ravdess/Audio_Song_Actors_01-24/Actor_21/03-02-02-01-02-02-21.wav,1
ravdess/Audio_Song_Actors_01-24/Actor_21/03-02-04-01-02-02-21.wav,3
ravdess/Audio_Song_Actors_01-24/Actor_21/03-02-05-02-02-01-21.wav,4
ravdess/Audio_Song_Actors_01-24/Actor_21/03-02-02-01-01-02-21.wav,1
ravdess/Audio_Song_Actors_01-24/Actor_21/03-02-06-01-02-02-21.wav,5
ravdess/Audio_Song_Actors_01-24/Actor_21/03-02-01-01-01-02-21.wav,0
ravdess/Audio_Song_Actors_01-24/Actor_21/03-02-02-02-02-01-21.wav,1
ravdess/Audio_Song_Actors_01-24/Actor_21/03-02-02-02-01-02-21.wav,1
ravdess/Audio_Song_Actors_01-24/Actor_21/03-02-05-01-02-02-21.wav,4
ravdess/Audio_Song_Actors_01-24/Actor_21/03-02-01-01-02-01-21.wav,0
ravdess/Audio_Song_Actors_01-24/Actor_04/03-02-04-02-02-01-04.wav,3
ravdess/Audio_Song_Actors_01-24/Actor_04/03-02-05-02-02-01-04.wav,4
ravdess/Audio_Song_Actors_01-24/Actor_04/03-02-03-02-01-02-04.wav,2
ravdess/Audio_Song_Actors_01-24/Actor_04/03-02-04-01-02-02-04.wav,3
ravdess/Audio_Song_Actors_01-24/Actor_04/03-02-05-01-02-01-04.wav,4
ravdess/Audio_Song_Actors_01-24/Actor_04/03-02-04-02-01-02-04.wav,3
ravdess/Audio_Song_Actors_01-24/Actor_04/03-02-01-01-02-01-04.wav,0
ravdess/Audio_Song_Actors_01-24/Actor_04/03-02-06-02-02-01-04.wav,5
ravdess/Audio_Song_Actors_01-24/Actor_04/03-02-05-01-01-01-04.wav,4
ravdess/Audio_Song_Actors_01-24/Actor_04/03-02-06-02-02-02-04.wav,5
ravdess/Audio_Song_Actors_01-24/Actor_04/03-02-03-01-02-02-04.wav,2
ravdess/Audio_Song_Actors_01-24/Actor_04/03-02-01-01-01-02-04.wav,0
ravdess/Audio_Song_Actors_01-24/Actor_04/03-02-03-01-01-02-04.wav,2
ravdess/Audio_Song_Actors_01-24/Actor_04/03-02-02-01-02-01-04.wav,1
ravdess/Audio_Song_Actors_01-24/Actor_04/03-02-03-02-02-02-04.wav,2
ravdess/Audio_Song_Actors_01-24/Actor_04/03-02-02-01-01-02-04.wav,1
ravdess/Audio_Song_Actors_01-24/Actor_04/03-02-02-02-01-01-04.wav,1
ravdess/Audio_Song_Actors_01-24/Actor_04/03-02-06-01-02-01-04.wav,5
ravdess/Audio_Song_Actors_01-24/Actor_04/03-02-05-02-02-02-04.wav,4
ravdess/Audio_Song_Actors_01-24/Actor_04/03-02-05-02-01-01-04.wav,4
ravdess/Audio_Song_Actors_01-24/Actor_04/03-02-05-01-02-02-04.wav,4
ravdess/Audio_Song_Actors_01-24/Actor_04/03-02-02-02-01-02-04.wav,1
ravdess/Audio_Song_Actors_01-24/Actor_04/03-02-06-01-01-01-04.wav,5
ravdess/Audio_Song_Actors_01-24/Actor_04/03-02-06-01-02-02-04.wav,5
ravdess/Audio_Song_Actors_01-24/Actor_04/03-02-04-01-01-01-04.wav,3
ravdess/Audio_Song_Actors_01-24/Actor_04/03-02-05-01-01-02-04.wav,4
ravdess/Audio_Song_Actors_01-24/Actor_04/03-02-04-01-02-01-04.wav,3
ravdess/Audio_Song_Actors_01-24/Actor_04/03-02-01-01-02-02-04.wav,0
ravdess/Audio_Song_Actors_01-24/Actor_04/03-02-03-02-01-01-04.wav,2
ravdess/Audio_Song_Actors_01-24/Actor_04/03-02-04-02-01-01-04.wav,3
ravdess/Audio_Song_Actors_01-24/Actor_04/03-02-02-01-01-01-04.wav,1
ravdess/Audio_Song_Actors_01-24/Actor_04/03-02-03-01-01-01-04.wav,2
ravdess/Audio_Song_Actors_01-24/Actor_04/03-02-06-01-01-02-04.wav,5
ravdess/Audio_Song_Actors_01-24/Actor_04/03-02-06-02-01-01-04.wav,5
ravdess/Audio_Song_Actors_01-24/Actor_04/03-02-04-01-01-02-04.wav,3
ravdess/Audio_Song_Actors_01-24/Actor_04/03-02-04-02-02-02-04.wav,3
ravdess/Audio_Song_Actors_01-24/Actor_04/03-02-02-02-02-02-04.wav,1
ravdess/Audio_Song_Actors_01-24/Actor_04/03-02-02-02-02-01-04.wav,1
ravdess/Audio_Song_Actors_01-24/Actor_04/03-02-03-01-02-01-04.wav,2
ravdess/Audio_Song_Actors_01-24/Actor_04/03-02-01-01-01-01-04.wav,0
ravdess/Audio_Song_Actors_01-24/Actor_04/03-02-02-01-02-02-04.wav,1
ravdess/Audio_Song_Actors_01-24/Actor_04/03-02-03-02-02-01-04.wav,2
ravdess/Audio_Song_Actors_01-24/Actor_04/03-02-06-02-01-02-04.wav,5
ravdess/Audio_Song_Actors_01-24/Actor_04/03-02-05-02-01-02-04.wav,4
ravdess/Audio_Song_Actors_01-24/Actor_07/03-02-04-02-01-01-07.wav,3
ravdess/Audio_Song_Actors_01-24/Actor_07/03-02-04-01-02-01-07.wav,3
ravdess/Audio_Song_Actors_01-24/Actor_07/03-02-02-02-01-02-07.wav,1
ravdess/Audio_Song_Actors_01-24/Actor_07/03-02-05-01-02-01-07.wav,4
ravdess/Audio_Song_Actors_01-24/Actor_07/03-02-05-02-01-02-07.wav,4
ravdess/Audio_Song_Actors_01-24/Actor_07/03-02-03-02-02-01-07.wav,2
ravdess/Audio_Song_Actors_01-24/Actor_07/03-02-03-02-02-02-07.wav,2
ravdess/Audio_Song_Actors_01-24/Actor_07/03-02-03-02-01-01-07.wav,2
ravdess/Audio_Song_Actors_01-24/Actor_07/03-02-05-02-02-01-07.wav,4
ravdess/Audio_Song_Actors_01-24/Actor_07/03-02-02-01-02-02-07.wav,1
ravdess/Audio_Song_Actors_01-24/Actor_07/03-02-05-01-01-02-07.wav,4
ravdess/Audio_Song_Actors_01-24/Actor_07/03-02-05-01-01-01-07.wav,4
ravdess/Audio_Song_Actors_01-24/Actor_07/03-02-03-01-01-02-07.wav,2
ravdess/Audio_Song_Actors_01-24/Actor_07/03-02-06-01-02-01-07.wav,5
ravdess/Audio_Song_Actors_01-24/Actor_07/03-02-04-01-01-02-07.wav,3
ravdess/Audio_Song_Actors_01-24/Actor_07/03-02-04-02-01-02-07.wav,3
ravdess/Audio_Song_Actors_01-24/Actor_07/03-02-01-01-01-01-07.wav,0
ravdess/Audio_Song_Actors_01-24/Actor_07/03-02-02-02-01-01-07.wav,1
ravdess/Audio_Song_Actors_01-24/Actor_07/03-02-03-02-01-02-07.wav,2
ravdess/Audio_Song_Actors_01-24/Actor_07/03-02-06-01-01-02-07.wav,5
ravdess/Audio_Song_Actors_01-24/Actor_07/03-02-01-01-02-02-07.wav,0
ravdess/Audio_Song_Actors_01-24/Actor_07/03-02-02-01-01-02-07.wav,1
ravdess/Audio_Song_Actors_01-24/Actor_07/03-02-04-02-02-02-07.wav,3
ravdess/Audio_Song_Actors_01-24/Actor_07/03-02-01-01-02-01-07.wav,0
ravdess/Audio_Song_Actors_01-24/Actor_07/03-02-03-01-02-02-07.wav,2
ravdess/Audio_Song_Actors_01-24/Actor_07/03-02-06-01-01-01-07.wav,5
ravdess/Audio_Song_Actors_01-24/Actor_07/03-02-06-02-02-02-07.wav,5
ravdess/Audio_Song_Actors_01-24/Actor_07/03-02-06-01-02-02-07.wav,5
ravdess/Audio_Song_Actors_01-24/Actor_07/03-02-06-02-02-01-07.wav,5
ravdess/Audio_Song_Actors_01-24/Actor_07/03-02-02-02-02-02-07.wav,1
ravdess/Audio_Song_Actors_01-24/Actor_07/03-02-05-01-02-02-07.wav,4
ravdess/Audio_Song_Actors_01-24/Actor_07/03-02-03-01-01-01-07.wav,2
ravdess/Audio_Song_Actors_01-24/Actor_07/03-02-04-01-02-02-07.wav,3
ravdess/Audio_Song_Actors_01-24/Actor_07/03-02-02-01-01-01-07.wav,1
ravdess/Audio_Song_Actors_01-24/Actor_07/03-02-04-01-01-01-07.wav,3
ravdess/Audio_Song_Actors_01-24/Actor_07/03-02-02-02-02-01-07.wav,1
ravdess/Audio_Song_Actors_01-24/Actor_07/03-02-02-01-02-01-07.wav,1
ravdess/Audio_Song_Actors_01-24/Actor_07/03-02-01-01-01-02-07.wav,0
ravdess/Audio_Song_Actors_01-24/Actor_07/03-02-05-02-01-01-07.wav,4
ravdess/Audio_Song_Actors_01-24/Actor_07/03-02-06-02-01-02-07.wav,5
ravdess/Audio_Song_Actors_01-24/Actor_07/03-02-05-02-02-02-07.wav,4
ravdess/Audio_Song_Actors_01-24/Actor_07/03-02-06-02-01-01-07.wav,5
ravdess/Audio_Song_Actors_01-24/Actor_07/03-02-03-01-02-01-07.wav,2
ravdess/Audio_Song_Actors_01-24/Actor_07/03-02-04-02-02-01-07.wav,3
ravdess/Audio_Song_Actors_01-24/Actor_15/03-02-05-01-01-02-15.wav,4
ravdess/Audio_Song_Actors_01-24/Actor_15/03-02-06-01-02-01-15.wav,5
ravdess/Audio_Song_Actors_01-24/Actor_15/03-02-03-02-02-02-15.wav,2
ravdess/Audio_Song_Actors_01-24/Actor_15/03-02-05-02-01-02-15.wav,4
ravdess/Audio_Song_Actors_01-24/Actor_15/03-02-06-02-02-02-15.wav,5
ravdess/Audio_Song_Actors_01-24/Actor_15/03-02-03-02-01-02-15.wav,2
ravdess/Audio_Song_Actors_01-24/Actor_15/03-02-04-02-02-02-15.wav,3
ravdess/Audio_Song_Actors_01-24/Actor_15/03-02-04-02-02-01-15.wav,3
ravdess/Audio_Song_Actors_01-24/Actor_15/03-02-01-01-02-02-15.wav,0
ravdess/Audio_Song_Actors_01-24/Actor_15/03-02-02-01-02-01-15.wav,1
ravdess/Audio_Song_Actors_01-24/Actor_15/03-02-06-02-02-01-15.wav,5
ravdess/Audio_Song_Actors_01-24/Actor_15/03-02-05-02-01-01-15.wav,4
ravdess/Audio_Song_Actors_01-24/Actor_15/03-02-06-02-01-01-15.wav,5
ravdess/Audio_Song_Actors_01-24/Actor_15/03-02-04-01-01-02-15.wav,3
ravdess/Audio_Song_Actors_01-24/Actor_15/03-02-06-02-01-02-15.wav,5
ravdess/Audio_Song_Actors_01-24/Actor_15/03-02-05-01-02-01-15.wav,4
ravdess/Audio_Song_Actors_01-24/Actor_15/03-02-01-01-01-01-15.wav,0
ravdess/Audio_Song_Actors_01-24/Actor_15/03-02-04-01-02-01-15.wav,3
ravdess/Audio_Song_Actors_01-24/Actor_15/03-02-05-02-02-01-15.wav,4
ravdess/Audio_Song_Actors_01-24/Actor_15/03-02-03-01-02-01-15.wav,2
ravdess/Audio_Song_Actors_01-24/Actor_15/03-02-06-01-01-01-15.wav,5
ravdess/Audio_Song_Actors_01-24/Actor_15/03-02-03-02-01-01-15.wav,2
ravdess/Audio_Song_Actors_01-24/Actor_15/03-02-02-01-01-02-15.wav,1
ravdess/Audio_Song_Actors_01-24/Actor_15/03-02-02-02-02-02-15.wav,1
ravdess/Audio_Song_Actors_01-24/Actor_15/03-02-01-01-02-01-15.wav,0
ravdess/Audio_Song_Actors_01-24/Actor_15/03-02-05-01-01-01-15.wav,4
ravdess/Audio_Song_Actors_01-24/Actor_15/03-02-04-01-01-01-15.wav,3
ravdess/Audio_Song_Actors_01-24/Actor_15/03-02-02-01-02-02-15.wav,1
ravdess/Audio_Song_Actors_01-24/Actor_15/03-02-01-01-01-02-15.wav,0
ravdess/Audio_Song_Actors_01-24/Actor_15/03-02-03-01-01-02-15.wav,2
ravdess/Audio_Song_Actors_01-24/Actor_15/03-02-05-01-02-02-15.wav,4
ravdess/Audio_Song_Actors_01-24/Actor_15/03-02-03-02-02-01-15.wav,2
ravdess/Audio_Song_Actors_01-24/Actor_15/03-02-06-01-02-02-15.wav,5
ravdess/Audio_Song_Actors_01-24/Actor_15/03-02-04-02-01-02-15.wav,3
ravdess/Audio_Song_Actors_01-24/Actor_15/03-02-02-02-01-02-15.wav,1
ravdess/Audio_Song_Actors_01-24/Actor_15/03-02-02-02-02-01-15.wav,1
ravdess/Audio_Song_Actors_01-24/Actor_15/03-02-03-01-02-02-15.wav,2
ravdess/Audio_Song_Actors_01-24/Actor_15/03-02-04-02-01-01-15.wav,3
ravdess/Audio_Song_Actors_01-24/Actor_15/03-02-03-01-01-01-15.wav,2
ravdess/Audio_Song_Actors_01-24/Actor_15/03-02-05-02-02-02-15.wav,4
ravdess/Audio_Song_Actors_01-24/Actor_15/03-02-04-01-02-02-15.wav,3
ravdess/Audio_Song_Actors_01-24/Actor_15/03-02-02-02-01-01-15.wav,1
ravdess/Audio_Song_Actors_01-24/Actor_15/03-02-06-01-01-02-15.wav,5
ravdess/Audio_Song_Actors_01-24/Actor_15/03-02-02-01-01-01-15.wav,1
ravdess/Audio_Song_Actors_01-24/Actor_13/03-02-06-01-01-01-13.wav,5
ravdess/Audio_Song_Actors_01-24/Actor_13/03-02-02-01-02-02-13.wav,1
ravdess/Audio_Song_Actors_01-24/Actor_13/03-02-04-02-02-02-13.wav,3
ravdess/Audio_Song_Actors_01-24/Actor_13/03-02-02-01-01-02-13.wav,1
ravdess/Audio_Song_Actors_01-24/Actor_13/03-02-05-02-02-01-13.wav,4
ravdess/Audio_Song_Actors_01-24/Actor_13/03-02-02-01-02-01-13.wav,1
ravdess/Audio_Song_Actors_01-24/Actor_13/03-02-03-02-02-02-13.wav,2
ravdess/Audio_Song_Actors_01-24/Actor_13/03-02-05-01-02-01-13.wav,4
ravdess/Audio_Song_Actors_01-24/Actor_13/03-02-05-02-02-02-13.wav,4
ravdess/Audio_Song_Actors_01-24/Actor_13/03-02-05-01-01-02-13.wav,4
ravdess/Audio_Song_Actors_01-24/Actor_13/03-02-06-02-02-01-13.wav,5
ravdess/Audio_Song_Actors_01-24/Actor_13/03-02-03-01-02-01-13.wav,2
ravdess/Audio_Song_Actors_01-24/Actor_13/03-02-03-01-02-02-13.wav,2
ravdess/Audio_Song_Actors_01-24/Actor_13/03-02-03-02-01-02-13.wav,2
ravdess/Audio_Song_Actors_01-24/Actor_13/03-02-02-02-02-02-13.wav,1
ravdess/Audio_Song_Actors_01-24/Actor_13/03-02-06-01-02-02-13.wav,5
ravdess/Audio_Song_Actors_01-24/Actor_13/03-02-05-01-01-01-13.wav,4
ravdess/Audio_Song_Actors_01-24/Actor_13/03-02-02-02-02-01-13.wav,1
ravdess/Audio_Song_Actors_01-24/Actor_13/03-02-04-02-02-01-13.wav,3
ravdess/Audio_Song_Actors_01-24/Actor_13/03-02-04-01-01-01-13.wav,3
ravdess/Audio_Song_Actors_01-24/Actor_13/03-02-01-01-01-02-13.wav,0
ravdess/Audio_Song_Actors_01-24/Actor_13/03-02-03-01-01-02-13.wav,2
ravdess/Audio_Song_Actors_01-24/Actor_13/03-02-02-01-01-01-13.wav,1
ravdess/Audio_Song_Actors_01-24/Actor_13/03-02-04-02-01-01-13.wav,3
ravdess/Audio_Song_Actors_01-24/Actor_13/03-02-04-01-01-02-13.wav,3
ravdess/Audio_Song_Actors_01-24/Actor_13/03-02-03-02-01-01-13.wav,2
ravdess/Audio_Song_Actors_01-24/Actor_13/03-02-03-02-02-01-13.wav,2
ravdess/Audio_Song_Actors_01-24/Actor_13/03-02-05-01-02-02-13.wav,4
ravdess/Audio_Song_Actors_01-24/Actor_13/03-02-04-02-01-02-13.wav,3
ravdess/Audio_Song_Actors_01-24/Actor_13/03-02-06-01-01-02-13.wav,5
ravdess/Audio_Song_Actors_01-24/Actor_13/03-02-06-02-02-02-13.wav,5
ravdess/Audio_Song_Actors_01-24/Actor_13/03-02-02-02-01-02-13.wav,1
ravdess/Audio_Song_Actors_01-24/Actor_13/03-02-01-01-02-01-13.wav,0
ravdess/Audio_Song_Actors_01-24/Actor_13/03-02-04-01-02-02-13.wav,3
ravdess/Audio_Song_Actors_01-24/Actor_13/03-02-04-01-02-01-13.wav,3
ravdess/Audio_Song_Actors_01-24/Actor_13/03-02-05-02-01-01-13.wav,4
ravdess/Audio_Song_Actors_01-24/Actor_13/03-02-05-02-01-02-13.wav,4
ravdess/Audio_Song_Actors_01-24/Actor_13/03-02-06-02-01-02-13.wav,5
ravdess/Audio_Song_Actors_01-24/Actor_13/03-02-06-01-02-01-13.wav,5
ravdess/Audio_Song_Actors_01-24/Actor_13/03-02-01-01-02-02-13.wav,0
ravdess/Audio_Song_Actors_01-24/Actor_13/03-02-06-02-01-01-13.wav,5
ravdess/Audio_Song_Actors_01-24/Actor_13/03-02-02-02-01-01-13.wav,1
ravdess/Audio_Song_Actors_01-24/Actor_13/03-02-03-01-01-01-13.wav,2
ravdess/Audio_Song_Actors_01-24/Actor_13/03-02-01-01-01-01-13.wav,0
ravdess/Audio_Song_Actors_01-24/Actor_01/03-02-05-02-02-01-01.wav,4
ravdess/Audio_Song_Actors_01-24/Actor_01/03-02-06-01-01-01-01.wav,5
ravdess/Audio_Song_Actors_01-24/Actor_01/03-02-02-01-01-02-01.wav,1
ravdess/Audio_Song_Actors_01-24/Actor_01/03-02-02-02-01-02-01.wav,1
ravdess/Audio_Song_Actors_01-24/Actor_01/03-02-04-02-01-02-01.wav,3
ravdess/Audio_Song_Actors_01-24/Actor_01/03-02-01-01-01-02-01.wav,0
ravdess/Audio_Song_Actors_01-24/Actor_01/03-02-01-01-02-01-01.wav,0
ravdess/Audio_Song_Actors_01-24/Actor_01/03-02-05-02-02-02-01.wav,4
ravdess/Audio_Song_Actors_01-24/Actor_01/03-02-06-02-01-02-01.wav,5
ravdess/Audio_Song_Actors_01-24/Actor_01/03-02-06-02-02-01-01.wav,5
ravdess/Audio_Song_Actors_01-24/Actor_01/03-02-03-02-02-02-01.wav,2
ravdess/Audio_Song_Actors_01-24/Actor_01/03-02-04-01-02-01-01.wav,3
ravdess/Audio_Song_Actors_01-24/Actor_01/03-02-04-02-02-02-01.wav,3
ravdess/Audio_Song_Actors_01-24/Actor_01/03-02-06-02-02-02-01.wav,5
ravdess/Audio_Song_Actors_01-24/Actor_01/03-02-06-02-01-01-01.wav,5
ravdess/Audio_Song_Actors_01-24/Actor_01/03-02-05-01-02-01-01.wav,4
ravdess/Audio_Song_Actors_01-24/Actor_01/03-02-02-01-02-01-01.wav,1
ravdess/Audio_Song_Actors_01-24/Actor_01/03-02-05-01-02-02-01.wav,4
ravdess/Audio_Song_Actors_01-24/Actor_01/03-02-04-02-01-01-01.wav,3
ravdess/Audio_Song_Actors_01-24/Actor_01/03-02-04-01-02-02-01.wav,3
ravdess/Audio_Song_Actors_01-24/Actor_01/03-02-03-02-02-01-01.wav,2
ravdess/Audio_Song_Actors_01-24/Actor_01/03-02-02-02-01-01-01.wav,1
ravdess/Audio_Song_Actors_01-24/Actor_01/03-02-04-02-02-01-01.wav,3
ravdess/Audio_Song_Actors_01-24/Actor_01/03-02-02-01-01-01-01.wav,1
ravdess/Audio_Song_Actors_01-24/Actor_01/03-02-02-02-02-01-01.wav,1
ravdess/Audio_Song_Actors_01-24/Actor_01/03-02-05-02-01-02-01.wav,4
ravdess/Audio_Song_Actors_01-24/Actor_01/03-02-06-01-02-02-01.wav,5
ravdess/Audio_Song_Actors_01-24/Actor_01/03-02-04-01-01-02-01.wav,3
ravdess/Audio_Song_Actors_01-24/Actor_01/03-02-06-01-02-01-01.wav,5
ravdess/Audio_Song_Actors_01-24/Actor_01/03-02-05-02-01-01-01.wav,4
ravdess/Audio_Song_Actors_01-24/Actor_01/03-02-03-01-01-02-01.wav,2
ravdess/Audio_Song_Actors_01-24/Actor_01/03-02-01-01-02-02-01.wav,0
ravdess/Audio_Song_Actors_01-24/Actor_01/03-02-04-01-01-01-01.wav,3
ravdess/Audio_Song_Actors_01-24/Actor_01/03-02-06-01-01-02-01.wav,5
ravdess/Audio_Song_Actors_01-24/Actor_01/03-02-05-01-01-02-01.wav,4
ravdess/Audio_Song_Actors_01-24/Actor_01/03-02-05-01-01-01-01.wav,4
ravdess/Audio_Song_Actors_01-24/Actor_01/03-02-03-01-02-01-01.wav,2
ravdess/Audio_Song_Actors_01-24/Actor_01/03-02-03-01-02-02-01.wav,2
ravdess/Audio_Song_Actors_01-24/Actor_01/03-02-03-02-01-02-01.wav,2
ravdess/Audio_Song_Actors_01-24/Actor_01/03-02-03-01-01-01-01.wav,2
ravdess/Audio_Song_Actors_01-24/Actor_01/03-02-03-02-01-01-01.wav,2
ravdess/Audio_Song_Actors_01-24/Actor_01/03-02-01-01-01-01-01.wav,0
ravdess/Audio_Song_Actors_01-24/Actor_01/03-02-02-02-02-02-01.wav,1
ravdess/Audio_Song_Actors_01-24/Actor_01/03-02-02-01-02-02-01.wav,1
ravdess/Audio_Song_Actors_01-24/Actor_24/03-02-03-02-01-01-24.wav,2
ravdess/Audio_Song_Actors_01-24/Actor_24/03-02-01-01-02-01-24.wav,0
ravdess/Audio_Song_Actors_01-24/Actor_24/03-02-02-02-01-01-24.wav,1
ravdess/Audio_Song_Actors_01-24/Actor_24/03-02-03-01-01-01-24.wav,2
ravdess/Audio_Song_Actors_01-24/Actor_24/03-02-05-01-02-02-24.wav,4
ravdess/Audio_Song_Actors_01-24/Actor_24/03-02-02-01-01-01-24.wav,1
ravdess/Audio_Song_Actors_01-24/Actor_24/03-02-05-02-01-02-24.wav,4
ravdess/Audio_Song_Actors_01-24/Actor_24/03-02-02-02-02-02-24.wav,1
ravdess/Audio_Song_Actors_01-24/Actor_24/03-02-02-01-02-02-24.wav,1
ravdess/Audio_Song_Actors_01-24/Actor_24/03-02-05-01-02-01-24.wav,4
ravdess/Audio_Song_Actors_01-24/Actor_24/03-02-06-02-01-02-24.wav,5
ravdess/Audio_Song_Actors_01-24/Actor_24/03-02-01-01-02-02-24.wav,0
ravdess/Audio_Song_Actors_01-24/Actor_24/03-02-03-01-01-02-24.wav,2
ravdess/Audio_Song_Actors_01-24/Actor_24/03-02-02-01-02-01-24.wav,1
ravdess/Audio_Song_Actors_01-24/Actor_24/03-02-04-02-01-02-24.wav,3
ravdess/Audio_Song_Actors_01-24/Actor_24/03-02-02-01-01-02-24.wav,1
ravdess/Audio_Song_Actors_01-24/Actor_24/03-02-06-01-01-02-24.wav,5
ravdess/Audio_Song_Actors_01-24/Actor_24/03-02-04-01-02-01-24.wav,3
ravdess/Audio_Song_Actors_01-24/Actor_24/03-02-06-01-01-01-24.wav,5
ravdess/Audio_Song_Actors_01-24/Actor_24/03-02-05-01-01-01-24.wav,4
ravdess/Audio_Song_Actors_01-24/Actor_24/03-02-05-02-01-01-24.wav,4
ravdess/Audio_Song_Actors_01-24/Actor_24/03-02-03-01-02-02-24.wav,2
ravdess/Audio_Song_Actors_01-24/Actor_24/03-02-06-01-02-01-24.wav,5
ravdess/Audio_Song_Actors_01-24/Actor_24/03-02-05-02-02-02-24.wav,4
ravdess/Audio_Song_Actors_01-24/Actor_24/03-02-03-02-02-01-24.wav,2
ravdess/Audio_Song_Actors_01-24/Actor_24/03-02-04-02-01-01-24.wav,3
ravdess/Audio_Song_Actors_01-24/Actor_24/03-02-04-01-01-01-24.wav,3
ravdess/Audio_Song_Actors_01-24/Actor_24/03-02-06-01-02-02-24.wav,5
ravdess/Audio_Song_Actors_01-24/Actor_24/03-02-01-01-01-02-24.wav,0
ravdess/Audio_Song_Actors_01-24/Actor_24/03-02-04-01-02-02-24.wav,3
ravdess/Audio_Song_Actors_01-24/Actor_24/03-02-01-01-01-01-24.wav,0
ravdess/Audio_Song_Actors_01-24/Actor_24/03-02-03-02-02-02-24.wav,2
ravdess/Audio_Song_Actors_01-24/Actor_24/03-02-04-02-02-02-24.wav,3
ravdess/Audio_Song_Actors_01-24/Actor_24/03-02-02-02-02-01-24.wav,1
ravdess/Audio_Song_Actors_01-24/Actor_24/03-02-02-02-01-02-24.wav,1
ravdess/Audio_Song_Actors_01-24/Actor_24/03-02-04-02-02-01-24.wav,3
ravdess/Audio_Song_Actors_01-24/Actor_24/03-02-03-02-01-02-24.wav,2
ravdess/Audio_Song_Actors_01-24/Actor_24/03-02-05-02-02-01-24.wav,4
ravdess/Audio_Song_Actors_01-24/Actor_24/03-02-06-02-01-01-24.wav,5
ravdess/Audio_Song_Actors_01-24/Actor_24/03-02-04-01-01-02-24.wav,3
ravdess/Audio_Song_Actors_01-24/Actor_24/03-02-03-01-02-01-24.wav,2
ravdess/Audio_Song_Actors_01-24/Actor_24/03-02-06-02-02-02-24.wav,5
ravdess/Audio_Song_Actors_01-24/Actor_24/03-02-06-02-02-01-24.wav,5
ravdess/Audio_Song_Actors_01-24/Actor_24/03-02-05-01-01-02-24.wav,4
ravdess/Audio_Song_Actors_01-24/Actor_03/03-02-05-02-02-01-03.wav,4
ravdess/Audio_Song_Actors_01-24/Actor_03/03-02-05-02-01-01-03.wav,4
ravdess/Audio_Song_Actors_01-24/Actor_03/03-02-04-02-02-02-03.wav,3
ravdess/Audio_Song_Actors_01-24/Actor_03/03-02-03-01-01-01-03.wav,2
ravdess/Audio_Song_Actors_01-24/Actor_03/03-02-04-01-02-02-03.wav,3
ravdess/Audio_Song_Actors_01-24/Actor_03/03-02-04-02-01-02-03.wav,3
ravdess/Audio_Song_Actors_01-24/Actor_03/03-02-06-02-01-01-03.wav,5
ravdess/Audio_Song_Actors_01-24/Actor_03/03-02-05-01-01-01-03.wav,4
ravdess/Audio_Song_Actors_01-24/Actor_03/03-02-03-02-02-01-03.wav,2
ravdess/Audio_Song_Actors_01-24/Actor_03/03-02-04-01-01-02-03.wav,3
ravdess/Audio_Song_Actors_01-24/Actor_03/03-02-05-01-02-02-03.wav,4
ravdess/Audio_Song_Actors_01-24/Actor_03/03-02-02-02-02-01-03.wav,1
ravdess/Audio_Song_Actors_01-24/Actor_03/03-02-05-01-01-02-03.wav,4
ravdess/Audio_Song_Actors_01-24/Actor_03/03-02-02-02-01-02-03.wav,1
ravdess/Audio_Song_Actors_01-24/Actor_03/03-02-04-02-01-01-03.wav,3
ravdess/Audio_Song_Actors_01-24/Actor_03/03-02-02-01-01-02-03.wav,1
ravdess/Audio_Song_Actors_01-24/Actor_03/03-02-01-01-02-02-03.wav,0
ravdess/Audio_Song_Actors_01-24/Actor_03/03-02-04-01-02-01-03.wav,3
ravdess/Audio_Song_Actors_01-24/Actor_03/03-02-03-01-02-02-03.wav,2
ravdess/Audio_Song_Actors_01-24/Actor_03/03-02-05-01-02-01-03.wav,4
ravdess/Audio_Song_Actors_01-24/Actor_03/03-02-06-01-02-02-03.wav,5
ravdess/Audio_Song_Actors_01-24/Actor_03/03-02-01-01-01-01-03.wav,0
ravdess/Audio_Song_Actors_01-24/Actor_03/03-02-06-02-02-01-03.wav,5
ravdess/Audio_Song_Actors_01-24/Actor_03/03-02-06-01-01-01-03.wav,5
ravdess/Audio_Song_Actors_01-24/Actor_03/03-02-01-01-01-02-03.wav,0
ravdess/Audio_Song_Actors_01-24/Actor_03/03-02-04-02-02-01-03.wav,3
ravdess/Audio_Song_Actors_01-24/Actor_03/03-02-05-02-01-02-03.wav,4
ravdess/Audio_Song_Actors_01-24/Actor_03/03-02-01-01-02-01-03.wav,0
ravdess/Audio_Song_Actors_01-24/Actor_03/03-02-03-01-02-01-03.wav,2
ravdess/Audio_Song_Actors_01-24/Actor_03/03-02-02-01-01-01-03.wav,1
ravdess/Audio_Song_Actors_01-24/Actor_03/03-02-06-02-02-02-03.wav,5
ravdess/Audio_Song_Actors_01-24/Actor_03/03-02-04-01-01-01-03.wav,3
ravdess/Audio_Song_Actors_01-24/Actor_03/03-02-05-02-02-02-03.wav,4
ravdess/Audio_Song_Actors_01-24/Actor_03/03-02-03-02-02-02-03.wav,2
ravdess/Audio_Song_Actors_01-24/Actor_03/03-02-06-01-02-01-03.wav,5
ravdess/Audio_Song_Actors_01-24/Actor_03/03-02-02-01-02-02-03.wav,1
ravdess/Audio_Song_Actors_01-24/Actor_03/03-02-03-02-01-01-03.wav,2
ravdess/Audio_Song_Actors_01-24/Actor_03/03-02-06-02-01-02-03.wav,5
ravdess/Audio_Song_Actors_01-24/Actor_03/03-02-02-02-01-01-03.wav,1
ravdess/Audio_Song_Actors_01-24/Actor_03/03-02-02-02-02-02-03.wav,1
ravdess/Audio_Song_Actors_01-24/Actor_03/03-02-03-02-01-02-03.wav,2
ravdess/Audio_Song_Actors_01-24/Actor_03/03-02-06-01-01-02-03.wav,5
ravdess/Audio_Song_Actors_01-24/Actor_03/03-02-02-01-02-01-03.wav,1
ravdess/Audio_Song_Actors_01-24/Actor_03/03-02-03-01-01-02-03.wav,2
ravdess/Audio_Song_Actors_01-24/Actor_02/03-02-02-01-02-02-02.wav,1
ravdess/Audio_Song_Actors_01-24/Actor_02/03-02-03-01-01-01-02.wav,2
ravdess/Audio_Song_Actors_01-24/Actor_02/03-02-05-02-02-02-02.wav,4
ravdess/Audio_Song_Actors_01-24/Actor_02/03-02-05-02-02-01-02.wav,4
ravdess/Audio_Song_Actors_01-24/Actor_02/03-02-02-01-01-01-02.wav,1
ravdess/Audio_Song_Actors_01-24/Actor_02/03-02-05-02-01-01-02.wav,4
ravdess/Audio_Song_Actors_01-24/Actor_02/03-02-04-02-01-01-02.wav,3
ravdess/Audio_Song_Actors_01-24/Actor_02/03-02-04-01-01-02-02.wav,3
ravdess/Audio_Song_Actors_01-24/Actor_02/03-02-02-02-01-01-02.wav,1
ravdess/Audio_Song_Actors_01-24/Actor_02/03-02-05-01-02-01-02.wav,4
ravdess/Audio_Song_Actors_01-24/Actor_02/03-02-04-01-02-02-02.wav,3
ravdess/Audio_Song_Actors_01-24/Actor_02/03-02-05-02-01-02-02.wav,4
ravdess/Audio_Song_Actors_01-24/Actor_02/03-02-06-02-01-02-02.wav,5
ravdess/Audio_Song_Actors_01-24/Actor_02/03-02-01-01-01-02-02.wav,0
ravdess/Audio_Song_Actors_01-24/Actor_02/03-02-01-01-02-01-02.wav,0
ravdess/Audio_Song_Actors_01-24/Actor_02/03-02-05-01-01-01-02.wav,4
ravdess/Audio_Song_Actors_01-24/Actor_02/03-02-03-01-02-01-02.wav,2
ravdess/Audio_Song_Actors_01-24/Actor_02/03-02-03-02-02-01-02.wav,2
ravdess/Audio_Song_Actors_01-24/Actor_02/03-02-02-02-02-01-02.wav,1
ravdess/Audio_Song_Actors_01-24/Actor_02/03-02-04-02-02-01-02.wav,3
ravdess/Audio_Song_Actors_01-24/Actor_02/03-02-05-01-01-02-02.wav,4
ravdess/Audio_Song_Actors_01-24/Actor_02/03-02-05-01-02-02-02.wav,4
ravdess/Audio_Song_Actors_01-24/Actor_02/03-02-06-02-02-01-02.wav,5
ravdess/Audio_Song_Actors_01-24/Actor_02/03-02-06-01-01-01-02.wav,5
ravdess/Audio_Song_Actors_01-24/Actor_02/03-02-04-02-01-02-02.wav,3
ravdess/Audio_Song_Actors_01-24/Actor_02/03-02-06-01-02-02-02.wav,5
ravdess/Audio_Song_Actors_01-24/Actor_02/03-02-01-01-02-02-02.wav,0
ravdess/Audio_Song_Actors_01-24/Actor_02/03-02-03-02-01-01-02.wav,2
ravdess/Audio_Song_Actors_01-24/Actor_02/03-02-02-02-02-02-02.wav,1
ravdess/Audio_Song_Actors_01-24/Actor_02/03-02-06-01-02-01-02.wav,5
ravdess/Audio_Song_Actors_01-24/Actor_02/03-02-06-02-01-01-02.wav,5
ravdess/Audio_Song_Actors_01-24/Actor_02/03-02-03-01-01-02-02.wav,2
ravdess/Audio_Song_Actors_01-24/Actor_02/03-02-04-01-02-01-02.wav,3
ravdess/Audio_Song_Actors_01-24/Actor_02/03-02-04-02-02-02-02.wav,3
ravdess/Audio_Song_Actors_01-24/Actor_02/03-02-03-02-02-02-02.wav,2
ravdess/Audio_Song_Actors_01-24/Actor_02/03-02-02-02-01-02-02.wav,1
ravdess/Audio_Song_Actors_01-24/Actor_02/03-02-03-02-01-02-02.wav,2
ravdess/Audio_Song_Actors_01-24/Actor_02/03-02-02-01-02-01-02.wav,1
ravdess/Audio_Song_Actors_01-24/Actor_02/03-02-01-01-01-01-02.wav,0
ravdess/Audio_Song_Actors_01-24/Actor_02/03-02-02-01-01-02-02.wav,1
ravdess/Audio_Song_Actors_01-24/Actor_02/03-02-03-01-02-02-02.wav,2
ravdess/Audio_Song_Actors_01-24/Actor_02/03-02-06-01-01-02-02.wav,5
ravdess/Audio_Song_Actors_01-24/Actor_02/03-02-04-01-01-01-02.wav,3
ravdess/Audio_Song_Actors_01-24/Actor_02/03-02-06-02-02-02-02.wav,5
ravdess/Audio_Song_Actors_01-24/Actor_10/03-02-03-02-01-02-10.wav,2
ravdess/Audio_Song_Actors_01-24/Actor_10/03-02-06-02-01-01-10.wav,5
ravdess/Audio_Song_Actors_01-24/Actor_10/03-02-04-01-01-01-10.wav,3
ravdess/Audio_Song_Actors_01-24/Actor_10/03-02-03-01-01-01-10.wav,2
ravdess/Audio_Song_Actors_01-24/Actor_10/03-02-03-01-02-02-10.wav,2
ravdess/Audio_Song_Actors_01-24/Actor_10/03-02-04-02-02-01-10.wav,3
ravdess/Audio_Song_Actors_01-24/Actor_10/03-02-05-02-02-02-10.wav,4
ravdess/Audio_Song_Actors_01-24/Actor_10/03-02-04-01-02-01-10.wav,3
ravdess/Audio_Song_Actors_01-24/Actor_10/03-02-02-02-02-02-10.wav,1
ravdess/Audio_Song_Actors_01-24/Actor_10/03-02-02-02-02-01-10.wav,1
ravdess/Audio_Song_Actors_01-24/Actor_10/03-02-03-01-01-02-10.wav,2
ravdess/Audio_Song_Actors_01-24/Actor_10/03-02-06-01-02-01-10.wav,5
ravdess/Audio_Song_Actors_01-24/Actor_10/03-02-02-02-01-02-10.wav,1
ravdess/Audio_Song_Actors_01-24/Actor_10/03-02-03-02-02-01-10.wav,2
ravdess/Audio_Song_Actors_01-24/Actor_10/03-02-02-01-01-01-10.wav,1
ravdess/Audio_Song_Actors_01-24/Actor_10/03-02-02-01-01-02-10.wav,1
ravdess/Audio_Song_Actors_01-24/Actor_10/03-02-06-02-02-02-10.wav,5
ravdess/Audio_Song_Actors_01-24/Actor_10/03-02-01-01-01-01-10.wav,0
ravdess/Audio_Song_Actors_01-24/Actor_10/03-02-05-01-02-02-10.wav,4
ravdess/Audio_Song_Actors_01-24/Actor_10/03-02-05-01-01-01-10.wav,4
ravdess/Audio_Song_Actors_01-24/Actor_10/03-02-04-01-01-02-10.wav,3
ravdess/Audio_Song_Actors_01-24/Actor_10/03-02-02-02-01-01-10.wav,1
ravdess/Audio_Song_Actors_01-24/Actor_10/03-02-05-02-01-02-10.wav,4
ravdess/Audio_Song_Actors_01-24/Actor_10/03-02-05-01-02-01-10.wav,4
ravdess/Audio_Song_Actors_01-24/Actor_10/03-02-01-01-01-02-10.wav,0
ravdess/Audio_Song_Actors_01-24/Actor_10/03-02-05-01-01-02-10.wav,4
ravdess/Audio_Song_Actors_01-24/Actor_10/03-02-04-02-02-02-10.wav,3
ravdess/Audio_Song_Actors_01-24/Actor_10/03-02-04-01-02-02-10.wav,3
ravdess/Audio_Song_Actors_01-24/Actor_10/03-02-02-01-02-01-10.wav,1
ravdess/Audio_Song_Actors_01-24/Actor_10/03-02-04-02-01-01-10.wav,3
ravdess/Audio_Song_Actors_01-24/Actor_10/03-02-03-01-02-01-10.wav,2
ravdess/Audio_Song_Actors_01-24/Actor_10/03-02-01-01-02-02-10.wav,0
ravdess/Audio_Song_Actors_01-24/Actor_10/03-02-06-02-02-01-10.wav,5
ravdess/Audio_Song_Actors_01-24/Actor_10/03-02-01-01-02-01-10.wav,0
ravdess/Audio_Song_Actors_01-24/Actor_10/03-02-03-02-01-01-10.wav,2
ravdess/Audio_Song_Actors_01-24/Actor_10/03-02-03-02-02-02-10.wav,2
ravdess/Audio_Song_Actors_01-24/Actor_10/03-02-02-01-02-02-10.wav,1
ravdess/Audio_Song_Actors_01-24/Actor_10/03-02-05-02-02-01-10.wav,4
ravdess/Audio_Song_Actors_01-24/Actor_10/03-02-05-02-01-01-10.wav,4
ravdess/Audio_Song_Actors_01-24/Actor_10/03-02-06-01-01-01-10.wav,5
ravdess/Audio_Song_Actors_01-24/Actor_10/03-02-06-01-02-02-10.wav,5
ravdess/Audio_Song_Actors_01-24/Actor_10/03-02-04-02-01-02-10.wav,3
ravdess/Audio_Song_Actors_01-24/Actor_10/03-02-06-02-01-02-10.wav,5
ravdess/Audio_Song_Actors_01-24/Actor_10/03-02-06-01-01-02-10.wav,5
ravdess/Audio_Song_Actors_01-24/Actor_05/03-02-05-01-02-01-05.wav,4
ravdess/Audio_Song_Actors_01-24/Actor_05/03-02-01-01-01-02-05.wav,0
ravdess/Audio_Song_Actors_01-24/Actor_05/03-02-02-02-01-01-05.wav,1
ravdess/Audio_Song_Actors_01-24/Actor_05/03-02-06-01-01-02-05.wav,5
ravdess/Audio_Song_Actors_01-24/Actor_05/03-02-05-02-02-02-05.wav,4
ravdess/Audio_Song_Actors_01-24/Actor_05/03-02-03-02-02-02-05.wav,2
ravdess/Audio_Song_Actors_01-24/Actor_05/03-02-05-02-01-01-05.wav,4
ravdess/Audio_Song_Actors_01-24/Actor_05/03-02-03-02-01-02-05.wav,2
ravdess/Audio_Song_Actors_01-24/Actor_05/03-02-04-02-01-01-05.wav,3
ravdess/Audio_Song_Actors_01-24/Actor_05/03-02-06-02-01-02-05.wav,5
ravdess/Audio_Song_Actors_01-24/Actor_05/03-02-01-01-01-01-05.wav,0
ravdess/Audio_Song_Actors_01-24/Actor_05/03-02-02-01-01-02-05.wav,1
ravdess/Audio_Song_Actors_01-24/Actor_05/03-02-05-01-02-02-05.wav,4
ravdess/Audio_Song_Actors_01-24/Actor_05/03-02-06-01-02-02-05.wav,5
ravdess/Audio_Song_Actors_01-24/Actor_05/03-02-06-02-02-02-05.wav,5
ravdess/Audio_Song_Actors_01-24/Actor_05/03-02-02-01-01-01-05.wav,1
ravdess/Audio_Song_Actors_01-24/Actor_05/03-02-06-02-01-01-05.wav,5
ravdess/Audio_Song_Actors_01-24/Actor_05/03-02-02-01-02-01-05.wav,1
ravdess/Audio_Song_Actors_01-24/Actor_05/03-02-02-02-01-02-05.wav,1
ravdess/Audio_Song_Actors_01-24/Actor_05/03-02-06-01-01-01-05.wav,5
ravdess/Audio_Song_Actors_01-24/Actor_05/03-02-06-01-02-01-05.wav,5
ravdess/Audio_Song_Actors_01-24/Actor_05/03-02-05-02-01-02-05.wav,4
ravdess/Audio_Song_Actors_01-24/Actor_05/03-02-02-02-02-02-05.wav,1
ravdess/Audio_Song_Actors_01-24/Actor_05/03-02-03-01-02-01-05.wav,2
ravdess/Audio_Song_Actors_01-24/Actor_05/03-02-06-02-02-01-05.wav,5
ravdess/Audio_Song_Actors_01-24/Actor_05/03-02-01-01-02-02-05.wav,0
ravdess/Audio_Song_Actors_01-24/Actor_05/03-02-03-01-01-01-05.wav,2
ravdess/Audio_Song_Actors_01-24/Actor_05/03-02-03-02-02-01-05.wav,2
ravdess/Audio_Song_Actors_01-24/Actor_05/03-02-04-02-02-01-05.wav,3
ravdess/Audio_Song_Actors_01-24/Actor_05/03-02-02-01-02-02-05.wav,1
ravdess/Audio_Song_Actors_01-24/Actor_05/03-02-03-02-01-01-05.wav,2
ravdess/Audio_Song_Actors_01-24/Actor_05/03-02-04-01-01-02-05.wav,3
ravdess/Audio_Song_Actors_01-24/Actor_05/03-02-04-01-02-02-05.wav,3
ravdess/Audio_Song_Actors_01-24/Actor_05/03-02-03-01-02-02-05.wav,2
ravdess/Audio_Song_Actors_01-24/Actor_05/03-02-01-01-02-01-05.wav,0
ravdess/Audio_Song_Actors_01-24/Actor_05/03-02-04-02-02-02-05.wav,3
ravdess/Audio_Song_Actors_01-24/Actor_05/03-02-04-01-01-01-05.wav,3
ravdess/Audio_Song_Actors_01-24/Actor_05/03-02-04-02-01-02-05.wav,3
ravdess/Audio_Song_Actors_01-24/Actor_05/03-02-03-01-01-02-05.wav,2
ravdess/Audio_Song_Actors_01-24/Actor_05/03-02-04-01-02-01-05.wav,3
ravdess/Audio_Song_Actors_01-24/Actor_05/03-02-05-01-01-02-05.wav,4
ravdess/Audio_Song_Actors_01-24/Actor_05/03-02-02-02-02-01-05.wav,1
ravdess/Audio_Song_Actors_01-24/Actor_05/03-02-05-02-02-01-05.wav,4
ravdess/Audio_Song_Actors_01-24/Actor_05/03-02-05-01-01-01-05.wav,4
ravdess/Audio_Song_Actors_01-24/Actor_22/03-02-03-01-01-01-22.wav,2
ravdess/Audio_Song_Actors_01-24/Actor_22/03-02-06-02-01-01-22.wav,5
ravdess/Audio_Song_Actors_01-24/Actor_22/03-02-06-02-02-01-22.wav,5
ravdess/Audio_Song_Actors_01-24/Actor_22/03-02-05-01-01-01-22.wav,4
ravdess/Audio_Song_Actors_01-24/Actor_22/03-02-06-02-02-02-22.wav,5
ravdess/Audio_Song_Actors_01-24/Actor_22/03-02-04-02-02-01-22.wav,3
ravdess/Audio_Song_Actors_01-24/Actor_22/03-02-05-01-01-02-22.wav,4
ravdess/Audio_Song_Actors_01-24/Actor_22/03-02-02-02-02-02-22.wav,1
ravdess/Audio_Song_Actors_01-24/Actor_22/03-02-04-01-01-01-22.wav,3
ravdess/Audio_Song_Actors_01-24/Actor_22/03-02-01-01-02-01-22.wav,0
ravdess/Audio_Song_Actors_01-24/Actor_22/03-02-03-02-01-02-22.wav,2
ravdess/Audio_Song_Actors_01-24/Actor_22/03-02-02-01-01-01-22.wav,1
ravdess/Audio_Song_Actors_01-24/Actor_22/03-02-05-01-02-01-22.wav,4
ravdess/Audio_Song_Actors_01-24/Actor_22/03-02-05-02-01-01-22.wav,4
ravdess/Audio_Song_Actors_01-24/Actor_22/03-02-03-01-02-01-22.wav,2
ravdess/Audio_Song_Actors_01-24/Actor_22/03-02-06-01-01-02-22.wav,5
ravdess/Audio_Song_Actors_01-24/Actor_22/03-02-02-02-01-01-22.wav,1
ravdess/Audio_Song_Actors_01-24/Actor_22/03-02-02-01-02-01-22.wav,1
ravdess/Audio_Song_Actors_01-24/Actor_22/03-02-03-01-02-02-22.wav,2
ravdess/Audio_Song_Actors_01-24/Actor_22/03-02-06-01-02-01-22.wav,5
ravdess/Audio_Song_Actors_01-24/Actor_22/03-02-03-01-01-02-22.wav,2
ravdess/Audio_Song_Actors_01-24/Actor_22/03-02-04-01-02-02-22.wav,3
ravdess/Audio_Song_Actors_01-24/Actor_22/03-02-06-01-01-01-22.wav,5
ravdess/Audio_Song_Actors_01-24/Actor_22/03-02-02-01-01-02-22.wav,1
ravdess/Audio_Song_Actors_01-24/Actor_22/03-02-04-02-02-02-22.wav,3
ravdess/Audio_Song_Actors_01-24/Actor_22/03-02-01-01-01-01-22.wav,0
ravdess/Audio_Song_Actors_01-24/Actor_22/03-02-03-02-01-01-22.wav,2
ravdess/Audio_Song_Actors_01-24/Actor_22/03-02-02-02-01-02-22.wav,1
ravdess/Audio_Song_Actors_01-24/Actor_22/03-02-04-01-02-01-22.wav,3
ravdess/Audio_Song_Actors_01-24/Actor_22/03-02-05-02-01-02-22.wav,4
ravdess/Audio_Song_Actors_01-24/Actor_22/03-02-04-01-01-02-22.wav,3
ravdess/Audio_Song_Actors_01-24/Actor_22/03-02-06-02-01-02-22.wav,5
ravdess/Audio_Song_Actors_01-24/Actor_22/03-02-01-01-01-02-22.wav,0
ravdess/Audio_Song_Actors_01-24/Actor_22/03-02-04-02-01-02-22.wav,3
ravdess/Audio_Song_Actors_01-24/Actor_22/03-02-05-02-02-02-22.wav,4
ravdess/Audio_Song_Actors_01-24/Actor_22/03-02-02-02-02-01-22.wav,1
ravdess/Audio_Song_Actors_01-24/Actor_22/03-02-04-02-01-01-22.wav,3
ravdess/Audio_Song_Actors_01-24/Actor_22/03-02-05-01-02-02-22.wav,4
ravdess/Audio_Song_Actors_01-24/Actor_22/03-02-05-02-02-01-22.wav,4
ravdess/Audio_Song_Actors_01-24/Actor_22/03-02-02-01-02-02-22.wav,1
ravdess/Audio_Song_Actors_01-24/Actor_22/03-02-03-02-02-01-22.wav,2
ravdess/Audio_Song_Actors_01-24/Actor_22/03-02-03-02-02-02-22.wav,2
ravdess/Audio_Song_Actors_01-24/Actor_22/03-02-01-01-02-02-22.wav,0
ravdess/Audio_Song_Actors_01-24/Actor_22/03-02-06-01-02-02-22.wav,5
ravdess/Audio_Song_Actors_01-24/Actor_08/03-02-03-01-02-02-08.wav,2
ravdess/Audio_Song_Actors_01-24/Actor_08/03-02-05-01-02-01-08.wav,4
ravdess/Audio_Song_Actors_01-24/Actor_08/03-02-06-02-01-02-08.wav,5
ravdess/Audio_Song_Actors_01-24/Actor_08/03-02-01-01-01-01-08.wav,0
ravdess/Audio_Song_Actors_01-24/Actor_08/03-02-04-02-01-02-08.wav,3
ravdess/Audio_Song_Actors_01-24/Actor_08/03-02-01-01-01-02-08.wav,0
ravdess/Audio_Song_Actors_01-24/Actor_08/03-02-02-02-02-01-08.wav,1
ravdess/Audio_Song_Actors_01-24/Actor_08/03-02-05-01-01-02-08.wav,4
ravdess/Audio_Song_Actors_01-24/Actor_08/03-02-05-02-02-02-08.wav,4
ravdess/Audio_Song_Actors_01-24/Actor_08/03-02-03-01-01-01-08.wav,2
ravdess/Audio_Song_Actors_01-24/Actor_08/03-02-03-02-02-01-08.wav,2
ravdess/Audio_Song_Actors_01-24/Actor_08/03-02-06-01-02-01-08.wav,5
ravdess/Audio_Song_Actors_01-24/Actor_08/03-02-02-01-02-01-08.wav,1
ravdess/Audio_Song_Actors_01-24/Actor_08/03-02-03-01-02-01-08.wav,2
ravdess/Audio_Song_Actors_01-24/Actor_08/03-02-03-02-01-01-08.wav,2
ravdess/Audio_Song_Actors_01-24/Actor_08/03-02-05-02-01-01-08.wav,4
ravdess/Audio_Song_Actors_01-24/Actor_08/03-02-04-02-02-01-08.wav,3
ravdess/Audio_Song_Actors_01-24/Actor_08/03-02-02-02-01-01-08.wav,1
ravdess/Audio_Song_Actors_01-24/Actor_08/03-02-05-01-01-01-08.wav,4
ravdess/Audio_Song_Actors_01-24/Actor_08/03-02-04-01-01-01-08.wav,3
ravdess/Audio_Song_Actors_01-24/Actor_08/03-02-06-01-01-02-08.wav,5
ravdess/Audio_Song_Actors_01-24/Actor_08/03-02-02-01-02-02-08.wav,1
ravdess/Audio_Song_Actors_01-24/Actor_08/03-02-04-02-02-02-08.wav,3
ravdess/Audio_Song_Actors_01-24/Actor_08/03-02-06-02-01-01-08.wav,5
ravdess/Audio_Song_Actors_01-24/Actor_08/03-02-05-02-01-02-08.wav,4
ravdess/Audio_Song_Actors_01-24/Actor_08/03-02-05-02-02-01-08.wav,4
ravdess/Audio_Song_Actors_01-24/Actor_08/03-02-04-01-02-01-08.wav,3
ravdess/Audio_Song_Actors_01-24/Actor_08/03-02-02-01-01-01-08.wav,1
ravdess/Audio_Song_Actors_01-24/Actor_08/03-02-01-01-02-01-08.wav,0
ravdess/Audio_Song_Actors_01-24/Actor_08/03-02-06-01-02-02-08.wav,5
ravdess/Audio_Song_Actors_01-24/Actor_08/03-02-06-01-01-01-08.wav,5
ravdess/Audio_Song_Actors_01-24/Actor_08/03-02-01-01-02-02-08.wav,0
ravdess/Audio_Song_Actors_01-24/Actor_08/03-02-03-02-02-02-08.wav,2
ravdess/Audio_Song_Actors_01-24/Actor_08/03-02-02-02-01-02-08.wav,1
ravdess/Audio_Song_Actors_01-24/Actor_08/03-02-06-02-02-02-08.wav,5
ravdess/Audio_Song_Actors_01-24/Actor_08/03-02-06-02-02-01-08.wav,5
ravdess/Audio_Song_Actors_01-24/Actor_08/03-02-04-02-01-01-08.wav,3
ravdess/Audio_Song_Actors_01-24/Actor_08/03-02-04-01-01-02-08.wav,3
ravdess/Audio_Song_Actors_01-24/Actor_08/03-02-02-01-01-02-08.wav,1
ravdess/Audio_Song_Actors_01-24/Actor_08/03-02-05-01-02-02-08.wav,4
ravdess/Audio_Song_Actors_01-24/Actor_08/03-02-03-02-01-02-08.wav,2
ravdess/Audio_Song_Actors_01-24/Actor_08/03-02-03-01-01-02-08.wav,2
ravdess/Audio_Song_Actors_01-24/Actor_08/03-02-04-01-02-02-08.wav,3
ravdess/Audio_Song_Actors_01-24/Actor_08/03-02-02-02-02-02-08.wav,1
ravdess/Audio_Song_Actors_01-24/Actor_12/03-02-06-01-01-01-12.wav,5
ravdess/Audio_Song_Actors_01-24/Actor_12/03-02-04-02-02-01-12.wav,3
ravdess/Audio_Song_Actors_01-24/Actor_12/03-02-03-02-01-01-12.wav,2
ravdess/Audio_Song_Actors_01-24/Actor_12/03-02-04-02-01-01-12.wav,3
ravdess/Audio_Song_Actors_01-24/Actor_12/03-02-06-01-02-02-12.wav,5
ravdess/Audio_Song_Actors_01-24/Actor_12/03-02-02-02-02-02-12.wav,1
ravdess/Audio_Song_Actors_01-24/Actor_12/03-02-01-01-02-02-12.wav,0
ravdess/Audio_Song_Actors_01-24/Actor_12/03-02-02-01-02-01-12.wav,1
ravdess/Audio_Song_Actors_01-24/Actor_12/03-02-05-01-02-02-12.wav,4
ravdess/Audio_Song_Actors_01-24/Actor_12/03-02-05-01-01-01-12.wav,4
ravdess/Audio_Song_Actors_01-24/Actor_12/03-02-03-02-01-02-12.wav,2
ravdess/Audio_Song_Actors_01-24/Actor_12/03-02-03-02-02-01-12.wav,2
ravdess/Audio_Song_Actors_01-24/Actor_12/03-02-02-02-01-01-12.wav,1
ravdess/Audio_Song_Actors_01-24/Actor_12/03-02-03-01-01-02-12.wav,2
ravdess/Audio_Song_Actors_01-24/Actor_12/03-02-02-01-02-02-12.wav,1
ravdess/Audio_Song_Actors_01-24/Actor_12/03-02-05-02-01-02-12.wav,4
ravdess/Audio_Song_Actors_01-24/Actor_12/03-02-06-01-01-02-12.wav,5
ravdess/Audio_Song_Actors_01-24/Actor_12/03-02-01-01-01-01-12.wav,0
ravdess/Audio_Song_Actors_01-24/Actor_12/03-02-05-02-02-01-12.wav,4
ravdess/Audio_Song_Actors_01-24/Actor_12/03-02-06-02-01-01-12.wav,5
ravdess/Audio_Song_Actors_01-24/Actor_12/03-02-04-02-01-02-12.wav,3
ravdess/Audio_Song_Actors_01-24/Actor_12/03-02-04-01-01-01-12.wav,3
ravdess/Audio_Song_Actors_01-24/Actor_12/03-02-06-02-01-02-12.wav,5
ravdess/Audio_Song_Actors_01-24/Actor_12/03-02-02-01-01-01-12.wav,1
ravdess/Audio_Song_Actors_01-24/Actor_12/03-02-03-01-02-01-12.wav,2
ravdess/Audio_Song_Actors_01-24/Actor_12/03-02-02-02-01-02-12.wav,1
ravdess/Audio_Song_Actors_01-24/Actor_12/03-02-04-01-02-01-12.wav,3
ravdess/Audio_Song_Actors_01-24/Actor_12/03-02-05-01-01-02-12.wav,4
ravdess/Audio_Song_Actors_01-24/Actor_12/03-02-04-02-02-02-12.wav,3
ravdess/Audio_Song_Actors_01-24/Actor_12/03-02-01-01-01-02-12.wav,0
ravdess/Audio_Song_Actors_01-24/Actor_12/03-02-04-01-02-02-12.wav,3
ravdess/Audio_Song_Actors_01-24/Actor_12/03-02-03-01-02-02-12.wav,2
ravdess/Audio_Song_Actors_01-24/Actor_12/03-02-02-01-01-02-12.wav,1
ravdess/Audio_Song_Actors_01-24/Actor_12/03-02-01-01-02-01-12.wav,0
ravdess/Audio_Song_Actors_01-24/Actor_12/03-02-06-02-02-01-12.wav,5
ravdess/Audio_Song_Actors_01-24/Actor_12/03-02-05-01-02-01-12.wav,4
ravdess/Audio_Song_Actors_01-24/Actor_12/03-02-05-02-01-01-12.wav,4
ravdess/Audio_Song_Actors_01-24/Actor_12/03-02-03-01-01-01-12.wav,2
ravdess/Audio_Song_Actors_01-24/Actor_12/03-02-02-02-02-01-12.wav,1
ravdess/Audio_Song_Actors_01-24/Actor_12/03-02-05-02-02-02-12.wav,4
ravdess/Audio_Song_Actors_01-24/Actor_12/03-02-03-02-02-02-12.wav,2
ravdess/Audio_Song_Actors_01-24/Actor_12/03-02-04-01-01-02-12.wav,3
ravdess/Audio_Song_Actors_01-24/Actor_12/03-02-06-01-02-01-12.wav,5
ravdess/Audio_Song_Actors_01-24/Actor_12/03-02-06-02-02-02-12.wav,5
ravdess/Audio_Song_Actors_01-24/Actor_16/03-02-03-02-02-02-16.wav,2
ravdess/Audio_Song_Actors_01-24/Actor_16/03-02-03-01-01-02-16.wav,2
ravdess/Audio_Song_Actors_01-24/Actor_16/03-02-06-02-02-01-16.wav,5
ravdess/Audio_Song_Actors_01-24/Actor_16/03-02-02-01-01-02-16.wav,1
ravdess/Audio_Song_Actors_01-24/Actor_16/03-02-01-01-02-01-16.wav,0
ravdess/Audio_Song_Actors_01-24/Actor_16/03-02-04-02-01-02-16.wav,3
ravdess/Audio_Song_Actors_01-24/Actor_16/03-02-04-02-01-01-16.wav,3
ravdess/Audio_Song_Actors_01-24/Actor_16/03-02-05-02-02-02-16.wav,4
ravdess/Audio_Song_Actors_01-24/Actor_16/03-02-06-01-01-02-16.wav,5
ravdess/Audio_Song_Actors_01-24/Actor_16/03-02-05-01-02-01-16.wav,4
ravdess/Audio_Song_Actors_01-24/Actor_16/03-02-05-02-02-01-16.wav,4
ravdess/Audio_Song_Actors_01-24/Actor_16/03-02-01-01-01-02-16.wav,0
ravdess/Audio_Song_Actors_01-24/Actor_16/03-02-02-02-01-02-16.wav,1
ravdess/Audio_Song_Actors_01-24/Actor_16/03-02-04-01-01-01-16.wav,3
ravdess/Audio_Song_Actors_01-24/Actor_16/03-02-01-01-02-02-16.wav,0
ravdess/Audio_Song_Actors_01-24/Actor_16/03-02-06-01-01-01-16.wav,5
ravdess/Audio_Song_Actors_01-24/Actor_16/03-02-04-01-02-01-16.wav,3
ravdess/Audio_Song_Actors_01-24/Actor_16/03-02-05-02-01-01-16.wav,4
ravdess/Audio_Song_Actors_01-24/Actor_16/03-02-02-01-02-02-16.wav,1
ravdess/Audio_Song_Actors_01-24/Actor_16/03-02-03-01-01-01-16.wav,2
ravdess/Audio_Song_Actors_01-24/Actor_16/03-02-06-01-02-01-16.wav,5
ravdess/Audio_Song_Actors_01-24/Actor_16/03-02-06-02-02-02-16.wav,5
ravdess/Audio_Song_Actors_01-24/Actor_16/03-02-02-01-02-01-16.wav,1
ravdess/Audio_Song_Actors_01-24/Actor_16/03-02-04-01-02-02-16.wav,3
ravdess/Audio_Song_Actors_01-24/Actor_16/03-02-02-02-02-01-16.wav,1
ravdess/Audio_Song_Actors_01-24/Actor_16/03-02-05-01-01-02-16.wav,4
ravdess/Audio_Song_Actors_01-24/Actor_16/03-02-02-01-01-01-16.wav,1
ravdess/Audio_Song_Actors_01-24/Actor_16/03-02-05-01-02-02-16.wav,4
ravdess/Audio_Song_Actors_01-24/Actor_16/03-02-04-01-01-02-16.wav,3
ravdess/Audio_Song_Actors_01-24/Actor_16/03-02-03-02-01-02-16.wav,2
ravdess/Audio_Song_Actors_01-24/Actor_16/03-02-05-02-01-02-16.wav,4
ravdess/Audio_Song_Actors_01-24/Actor_16/03-02-03-02-01-01-16.wav,2
ravdess/Audio_Song_Actors_01-24/Actor_16/03-02-06-01-02-02-16.wav,5
ravdess/Audio_Song_Actors_01-24/Actor_16/03-02-02-02-01-01-16.wav,1
ravdess/Audio_Song_Actors_01-24/Actor_16/03-02-01-01-01-01-16.wav,0
ravdess/Audio_Song_Actors_01-24/Actor_16/03-02-03-02-02-01-16.wav,2
ravdess/Audio_Song_Actors_01-24/Actor_16/03-02-02-02-02-02-16.wav,1
ravdess/Audio_Song_Actors_01-24/Actor_16/03-02-05-01-01-01-16.wav,4
ravdess/Audio_Song_Actors_01-24/Actor_16/03-02-04-02-02-01-16.wav,3
ravdess/Audio_Song_Actors_01-24/Actor_16/03-02-04-02-02-02-16.wav,3
ravdess/Audio_Song_Actors_01-24/Actor_16/03-02-03-01-02-01-16.wav,2
ravdess/Audio_Song_Actors_01-24/Actor_16/03-02-06-02-01-02-16.wav,5
ravdess/Audio_Song_Actors_01-24/Actor_16/03-02-03-01-02-02-16.wav,2
ravdess/Audio_Song_Actors_01-24/Actor_16/03-02-06-02-01-01-16.wav,5
ravdess/Audio_Song_Actors_01-24/Actor_11/03-02-03-01-02-02-11.wav,2
ravdess/Audio_Song_Actors_01-24/Actor_11/03-02-03-02-02-01-11.wav,2
ravdess/Audio_Song_Actors_01-24/Actor_11/03-02-03-02-02-02-11.wav,2
ravdess/Audio_Song_Actors_01-24/Actor_11/03-02-06-01-02-02-11.wav,5
ravdess/Audio_Song_Actors_01-24/Actor_11/03-02-04-02-01-01-11.wav,3
ravdess/Audio_Song_Actors_01-24/Actor_11/03-02-01-01-01-02-11.wav,0
ravdess/Audio_Song_Actors_01-24/Actor_11/03-02-02-02-02-02-11.wav,1
ravdess/Audio_Song_Actors_01-24/Actor_11/03-02-03-01-01-02-11.wav,2
ravdess/Audio_Song_Actors_01-24/Actor_11/03-02-05-01-02-02-11.wav,4
ravdess/Audio_Song_Actors_01-24/Actor_11/03-02-02-02-01-01-11.wav,1
ravdess/Audio_Song_Actors_01-24/Actor_11/03-02-05-01-01-02-11.wav,4
ravdess/Audio_Song_Actors_01-24/Actor_11/03-02-01-01-02-02-11.wav,0
ravdess/Audio_Song_Actors_01-24/Actor_11/03-02-06-01-01-01-11.wav,5
ravdess/Audio_Song_Actors_01-24/Actor_11/03-02-04-01-02-02-11.wav,3
ravdess/Audio_Song_Actors_01-24/Actor_11/03-02-02-02-02-01-11.wav,1
ravdess/Audio_Song_Actors_01-24/Actor_11/03-02-02-02-01-02-11.wav,1
ravdess/Audio_Song_Actors_01-24/Actor_11/03-02-06-01-01-02-11.wav,5
ravdess/Audio_Song_Actors_01-24/Actor_11/03-02-06-02-02-01-11.wav,5
ravdess/Audio_Song_Actors_01-24/Actor_11/03-02-04-01-01-01-11.wav,3
ravdess/Audio_Song_Actors_01-24/Actor_11/03-02-03-02-01-02-11.wav,2
ravdess/Audio_Song_Actors_01-24/Actor_11/03-02-02-01-02-02-11.wav,1
ravdess/Audio_Song_Actors_01-24/Actor_11/03-02-04-02-02-01-11.wav,3
ravdess/Audio_Song_Actors_01-24/Actor_11/03-02-05-02-02-02-11.wav,4
ravdess/Audio_Song_Actors_01-24/Actor_11/03-02-05-02-01-01-11.wav,4
ravdess/Audio_Song_Actors_01-24/Actor_11/03-02-02-01-01-02-11.wav,1
ravdess/Audio_Song_Actors_01-24/Actor_11/03-02-04-01-01-02-11.wav,3
ravdess/Audio_Song_Actors_01-24/Actor_11/03-02-03-02-01-01-11.wav,2
ravdess/Audio_Song_Actors_01-24/Actor_11/03-02-05-02-01-02-11.wav,4
ravdess/Audio_Song_Actors_01-24/Actor_11/03-02-01-01-02-01-11.wav,0
ravdess/Audio_Song_Actors_01-24/Actor_11/03-02-05-01-01-01-11.wav,4
ravdess/Audio_Song_Actors_01-24/Actor_11/03-02-06-02-01-01-11.wav,5
ravdess/Audio_Song_Actors_01-24/Actor_11/03-02-05-01-02-01-11.wav,4
ravdess/Audio_Song_Actors_01-24/Actor_11/03-02-05-02-02-01-11.wav,4
ravdess/Audio_Song_Actors_01-24/Actor_11/03-02-04-01-02-01-11.wav,3
ravdess/Audio_Song_Actors_01-24/Actor_11/03-02-06-02-02-02-11.wav,5
ravdess/Audio_Song_Actors_01-24/Actor_11/03-02-03-01-01-01-11.wav,2
ravdess/Audio_Song_Actors_01-24/Actor_11/03-02-06-01-02-01-11.wav,5
ravdess/Audio_Song_Actors_01-24/Actor_11/03-02-04-02-01-02-11.wav,3
ravdess/Audio_Song_Actors_01-24/Actor_11/03-02-02-01-02-01-11.wav,1
ravdess/Audio_Song_Actors_01-24/Actor_11/03-02-02-01-01-01-11.wav,1
ravdess/Audio_Song_Actors_01-24/Actor_11/03-02-03-01-02-01-11.wav,2
ravdess/Audio_Song_Actors_01-24/Actor_11/03-02-06-02-01-02-11.wav,5
ravdess/Audio_Song_Actors_01-24/Actor_11/03-02-01-01-01-01-11.wav,0
ravdess/Audio_Song_Actors_01-24/Actor_11/03-02-04-02-02-02-11.wav,3
ravdess/Audio_Song_Actors_01-24/Actor_17/03-02-02-02-01-02-17.wav,1
ravdess/Audio_Song_Actors_01-24/Actor_17/03-02-05-01-02-02-17.wav,4
ravdess/Audio_Song_Actors_01-24/Actor_17/03-02-02-01-02-01-17.wav,1
ravdess/Audio_Song_Actors_01-24/Actor_17/03-02-03-01-02-01-17.wav,2
ravdess/Audio_Song_Actors_01-24/Actor_17/03-02-02-01-01-01-17.wav,1
ravdess/Audio_Song_Actors_01-24/Actor_17/03-02-01-01-02-02-17.wav,0
ravdess/Audio_Song_Actors_01-24/Actor_17/03-02-02-01-01-02-17.wav,1
ravdess/Audio_Song_Actors_01-24/Actor_17/03-02-05-02-02-02-17.wav,4
ravdess/Audio_Song_Actors_01-24/Actor_17/03-02-06-02-01-02-17.wav,5
ravdess/Audio_Song_Actors_01-24/Actor_17/03-02-06-02-01-01-17.wav,5
ravdess/Audio_Song_Actors_01-24/Actor_17/03-02-02-02-01-01-17.wav,1
ravdess/Audio_Song_Actors_01-24/Actor_17/03-02-06-01-02-02-17.wav,5
ravdess/Audio_Song_Actors_01-24/Actor_17/03-02-05-01-02-01-17.wav,4
ravdess/Audio_Song_Actors_01-24/Actor_17/03-02-04-02-01-01-17.wav,3
ravdess/Audio_Song_Actors_01-24/Actor_17/03-02-04-02-01-02-17.wav,3
ravdess/Audio_Song_Actors_01-24/Actor_17/03-02-05-02-01-02-17.wav,4
ravdess/Audio_Song_Actors_01-24/Actor_17/03-02-06-01-01-02-17.wav,5
ravdess/Audio_Song_Actors_01-24/Actor_17/03-02-06-01-02-01-17.wav,5
ravdess/Audio_Song_Actors_01-24/Actor_17/03-02-03-02-02-01-17.wav,2
ravdess/Audio_Song_Actors_01-24/Actor_17/03-02-04-01-02-01-17.wav,3
ravdess/Audio_Song_Actors_01-24/Actor_17/03-02-03-02-01-02-17.wav,2
ravdess/Audio_Song_Actors_01-24/Actor_17/03-02-02-02-02-02-17.wav,1
ravdess/Audio_Song_Actors_01-24/Actor_17/03-02-05-01-01-01-17.wav,4
ravdess/Audio_Song_Actors_01-24/Actor_17/03-02-03-01-02-02-17.wav,2
ravdess/Audio_Song_Actors_01-24/Actor_17/03-02-04-01-02-02-17.wav,3
ravdess/Audio_Song_Actors_01-24/Actor_17/03-02-03-02-01-01-17.wav,2
ravdess/Audio_Song_Actors_01-24/Actor_17/03-02-04-02-02-02-17.wav,3
ravdess/Audio_Song_Actors_01-24/Actor_17/03-02-06-02-02-01-17.wav,5
ravdess/Audio_Song_Actors_01-24/Actor_17/03-02-05-02-01-01-17.wav,4
ravdess/Audio_Song_Actors_01-24/Actor_17/03-02-06-02-02-02-17.wav,5
ravdess/Audio_Song_Actors_01-24/Actor_17/03-02-01-01-01-01-17.wav,0
ravdess/Audio_Song_Actors_01-24/Actor_17/03-02-02-02-02-01-17.wav,1
ravdess/Audio_Song_Actors_01-24/Actor_17/03-02-06-01-01-01-17.wav,5
ravdess/Audio_Song_Actors_01-24/Actor_17/03-02-04-01-01-01-17.wav,3
ravdess/Audio_Song_Actors_01-24/Actor_17/03-02-04-02-02-01-17.wav,3
ravdess/Audio_Song_Actors_01-24/Actor_17/03-02-04-01-01-02-17.wav,3
ravdess/Audio_Song_Actors_01-24/Actor_17/03-02-03-01-01-01-17.wav,2
ravdess/Audio_Song_Actors_01-24/Actor_17/03-02-03-02-02-02-17.wav,2
ravdess/Audio_Song_Actors_01-24/Actor_17/03-02-03-01-01-02-17.wav,2
ravdess/Audio_Song_Actors_01-24/Actor_17/03-02-01-01-01-02-17.wav,0
ravdess/Audio_Song_Actors_01-24/Actor_17/03-02-05-02-02-01-17.wav,4
ravdess/Audio_Song_Actors_01-24/Actor_17/03-02-02-01-02-02-17.wav,1
ravdess/Audio_Song_Actors_01-24/Actor_17/03-02-01-01-02-01-17.wav,0
ravdess/Audio_Song_Actors_01-24/Actor_17/03-02-05-01-01-02-17.wav,4
ravdess/Audio_Song_Actors_01-24/Actor_20/03-02-04-01-02-02-20.wav,3
ravdess/Audio_Song_Actors_01-24/Actor_20/03-02-04-01-02-01-20.wav,3
ravdess/Audio_Song_Actors_01-24/Actor_20/03-02-03-02-01-01-20.wav,2
ravdess/Audio_Song_Actors_01-24/Actor_20/03-02-02-02-01-01-20.wav,1
ravdess/Audio_Song_Actors_01-24/Actor_20/03-02-03-01-01-01-20.wav,2
ravdess/Audio_Song_Actors_01-24/Actor_20/03-02-01-01-02-01-20.wav,0
ravdess/Audio_Song_Actors_01-24/Actor_20/03-02-03-01-02-01-20.wav,2
ravdess/Audio_Song_Actors_01-24/Actor_20/03-02-04-02-01-02-20.wav,3
ravdess/Audio_Song_Actors_01-24/Actor_20/03-02-02-01-02-01-20.wav,1
ravdess/Audio_Song_Actors_01-24/Actor_20/03-02-05-02-02-01-20.wav,4
ravdess/Audio_Song_Actors_01-24/Actor_20/03-02-06-02-02-02-20.wav,5
ravdess/Audio_Song_Actors_01-24/Actor_20/03-02-03-02-01-02-20.wav,2
ravdess/Audio_Song_Actors_01-24/Actor_20/03-02-05-01-01-02-20.wav,4
ravdess/Audio_Song_Actors_01-24/Actor_20/03-02-05-02-01-01-20.wav,4
ravdess/Audio_Song_Actors_01-24/Actor_20/03-02-04-01-01-02-20.wav,3
ravdess/Audio_Song_Actors_01-24/Actor_20/03-02-06-02-01-01-20.wav,5
ravdess/Audio_Song_Actors_01-24/Actor_20/03-02-03-01-01-02-20.wav,2
ravdess/Audio_Song_Actors_01-24/Actor_20/03-02-03-01-02-02-20.wav,2
ravdess/Audio_Song_Actors_01-24/Actor_20/03-02-06-02-02-01-20.wav,5
ravdess/Audio_Song_Actors_01-24/Actor_20/03-02-01-01-01-01-20.wav,0
ravdess/Audio_Song_Actors_01-24/Actor_20/03-02-03-02-02-01-20.wav,2
ravdess/Audio_Song_Actors_01-24/Actor_20/03-02-02-01-01-02-20.wav,1
ravdess/Audio_Song_Actors_01-24/Actor_20/03-02-05-02-01-02-20.wav,4
ravdess/Audio_Song_Actors_01-24/Actor_20/03-02-04-02-02-01-20.wav,3
ravdess/Audio_Song_Actors_01-24/Actor_20/03-02-01-01-01-02-20.wav,0
ravdess/Audio_Song_Actors_01-24/Actor_20/03-02-06-01-01-02-20.wav,5
ravdess/Audio_Song_Actors_01-24/Actor_20/03-02-02-01-02-02-20.wav,1
ravdess/Audio_Song_Actors_01-24/Actor_20/03-02-03-02-02-02-20.wav,2
ravdess/Audio_Song_Actors_01-24/Actor_20/03-02-04-02-01-01-20.wav,3
ravdess/Audio_Song_Actors_01-24/Actor_20/03-02-02-01-01-01-20.wav,1
ravdess/Audio_Song_Actors_01-24/Actor_20/03-02-02-02-02-01-20.wav,1
ravdess/Audio_Song_Actors_01-24/Actor_20/03-02-04-01-01-01-20.wav,3
ravdess/Audio_Song_Actors_01-24/Actor_20/03-02-06-01-02-01-20.wav,5
ravdess/Audio_Song_Actors_01-24/Actor_20/03-02-04-02-02-02-20.wav,3
ravdess/Audio_Song_Actors_01-24/Actor_20/03-02-06-02-01-02-20.wav,5
ravdess/Audio_Song_Actors_01-24/Actor_20/03-02-05-02-02-02-20.wav,4
ravdess/Audio_Song_Actors_01-24/Actor_20/03-02-02-02-01-02-20.wav,1
ravdess/Audio_Song_Actors_01-24/Actor_20/03-02-06-01-01-01-20.wav,5
ravdess/Audio_Song_Actors_01-24/Actor_20/03-02-06-01-02-02-20.wav,5
ravdess/Audio_Song_Actors_01-24/Actor_20/03-02-05-01-02-01-20.wav,4
ravdess/Audio_Song_Actors_01-24/Actor_20/03-02-05-01-02-02-20.wav,4
ravdess/Audio_Song_Actors_01-24/Actor_20/03-02-05-01-01-01-20.wav,4
ravdess/Audio_Song_Actors_01-24/Actor_20/03-02-01-01-02-02-20.wav,0
ravdess/Audio_Song_Actors_01-24/Actor_20/03-02-02-02-02-02-20.wav,1
ravdess/Audio_Song_Actors_01-24/Actor_06/03-02-06-01-01-02-06.wav,5
ravdess/Audio_Song_Actors_01-24/Actor_06/03-02-06-01-01-01-06.wav,5
ravdess/Audio_Song_Actors_01-24/Actor_06/03-02-05-01-01-02-06.wav,4
ravdess/Audio_Song_Actors_01-24/Actor_06/03-02-03-02-01-01-06.wav,2
ravdess/Audio_Song_Actors_01-24/Actor_06/03-02-06-02-02-01-06.wav,5
ravdess/Audio_Song_Actors_01-24/Actor_06/03-02-03-02-02-02-06.wav,2
ravdess/Audio_Song_Actors_01-24/Actor_06/03-02-05-02-01-01-06.wav,4
ravdess/Audio_Song_Actors_01-24/Actor_06/03-02-05-01-02-01-06.wav,4
ravdess/Audio_Song_Actors_01-24/Actor_06/03-02-02-01-02-01-06.wav,1
ravdess/Audio_Song_Actors_01-24/Actor_06/03-02-05-02-02-01-06.wav,4
ravdess/Audio_Song_Actors_01-24/Actor_06/03-02-01-01-01-01-06.wav,0
ravdess/Audio_Song_Actors_01-24/Actor_06/03-02-01-01-01-02-06.wav,0
ravdess/Audio_Song_Actors_01-24/Actor_06/03-02-05-01-01-01-06.wav,4
ravdess/Audio_Song_Actors_01-24/Actor_06/03-02-06-01-02-01-06.wav,5
ravdess/Audio_Song_Actors_01-24/Actor_06/03-02-04-02-02-02-06.wav,3
ravdess/Audio_Song_Actors_01-24/Actor_06/03-02-04-01-02-02-06.wav,3
ravdess/Audio_Song_Actors_01-24/Actor_06/03-02-02-01-01-02-06.wav,1
ravdess/Audio_Song_Actors_01-24/Actor_06/03-02-04-01-02-01-06.wav,3
ravdess/Audio_Song_Actors_01-24/Actor_06/03-02-01-01-02-01-06.wav,0
ravdess/Audio_Song_Actors_01-24/Actor_06/03-02-01-01-02-02-06.wav,0
ravdess/Audio_Song_Actors_01-24/Actor_06/03-02-05-02-02-02-06.wav,4
ravdess/Audio_Song_Actors_01-24/Actor_06/03-02-06-02-01-02-06.wav,5
ravdess/Audio_Song_Actors_01-24/Actor_06/03-02-04-01-01-01-06.wav,3
ravdess/Audio_Song_Actors_01-24/Actor_06/03-02-06-01-02-02-06.wav,5
ravdess/Audio_Song_Actors_01-24/Actor_06/03-02-02-02-02-02-06.wav,1
ravdess/Audio_Song_Actors_01-24/Actor_06/03-02-04-02-01-02-06.wav,3
ravdess/Audio_Song_Actors_01-24/Actor_06/03-02-02-02-02-01-06.wav,1
ravdess/Audio_Song_Actors_01-24/Actor_06/03-02-03-02-01-02-06.wav,2
ravdess/Audio_Song_Actors_01-24/Actor_06/03-02-04-01-01-02-06.wav,3
ravdess/Audio_Song_Actors_01-24/Actor_06/03-02-05-01-02-02-06.wav,4
ravdess/Audio_Song_Actors_01-24/Actor_06/03-02-03-01-02-02-06.wav,2
ravdess/Audio_Song_Actors_01-24/Actor_06/03-02-04-02-02-01-06.wav,3
ravdess/Audio_Song_Actors_01-24/Actor_06/03-02-02-02-01-02-06.wav,1
ravdess/Audio_Song_Actors_01-24/Actor_06/03-02-03-02-02-01-06.wav,2
ravdess/Audio_Song_Actors_01-24/Actor_06/03-02-02-01-01-01-06.wav,1
ravdess/Audio_Song_Actors_01-24/Actor_06/03-02-03-01-01-01-06.wav,2
ravdess/Audio_Song_Actors_01-24/Actor_06/03-02-06-02-01-01-06.wav,5
ravdess/Audio_Song_Actors_01-24/Actor_06/03-02-03-01-01-02-06.wav,2
ravdess/Audio_Song_Actors_01-24/Actor_06/03-02-02-01-02-02-06.wav,1
ravdess/Audio_Song_Actors_01-24/Actor_06/03-02-02-02-01-01-06.wav,1
ravdess/Audio_Song_Actors_01-24/Actor_06/03-02-05-02-01-02-06.wav,4
ravdess/Audio_Song_Actors_01-24/Actor_06/03-02-06-02-02-02-06.wav,5
ravdess/Audio_Song_Actors_01-24/Actor_06/03-02-03-01-02-01-06.wav,2
ravdess/Audio_Song_Actors_01-24/Actor_06/03-02-04-02-01-01-06.wav,3
